year,ceremony,category,nominee,film,country,winner,source_url
1998,BIFA 1998,Best Actor,Ray Winstone,Nil by Mouth,,1,https://en.wikipedia.org/wiki/BIFA_Award_for_Best_Performance_by_an_Actor_in_a_British_Independent_Film
1998,BIFA 1998,Best Actor,Divorcing Jack,Dan Starkey,,0,https://en.wikipedia.org/wiki/BIFA_Award_for_Best_Performance_by_an_Actor_in_a_British_Independent_Film
1998,BIFA 1998,Best Actor,Love and Death on Long Island,Giles De'Ath,,0,https://en.wikipedia.org/wiki/BIFA_Award_for_Best_Performance_by_an_Actor_in_a_British_Independent_Film
1998,BIFA 1998,Best Actor,My Name Is Joe,Joe Kavanagh,,0,https://en.wikipedia.org/wiki/BIFA_Award_for_Best_Performance_by_an_Actor_in_a_British_Independent_Film
1998,BIFA 1998,Best Actor,Regeneration,William Rivers,,0,https://en.wikipedia.org/wiki/BIFA_Award_for_Best_Performance_by_an_Actor_in_a_British_Independent_Film
1998,BIFA 1998,Best Actress,Kathy Burke,Nil by Mouth,,1,https://en.wikipedia.org/wiki/BIFA_Award_for_Best_Performance_by_an_Actress_in_a_British_Independent_Film
1998,BIFA 1998,Best Actress,My Name Is Joe,Sarah Downie,,0,https://en.wikipedia.org/wiki/BIFA_Award_for_Best_Performance_by_an_Actress_in_a_British_Independent_Film
1998,BIFA 1998,Best Actress,My Son the Fanatic,Bettina/ Sandra,,0,https://en.wikipedia.org/wiki/BIFA_Award_for_Best_Performance_by_an_Actress_in_a_British_Independent_Film
1998,BIFA 1998,Best Actress,The Winter Guest,Frances,,0,https://en.wikipedia.org/wiki/BIFA_Award_for_Best_Performance_by_an_Actress_in_a_British_Independent_Film
1998,BIFA 1998,Best Actress,Under the Skin,Iris Kelly,,0,https://en.wikipedia.org/wiki/BIFA_Award_for_Best_Performance_by_an_Actress_in_a_British_Independent_Film
1998,BIFA 1998,Best British Independent Film,,My Name Is Joe,,1,https://en.wikipedia.org/wiki/BIFA_Award_for_Best_British_Independent_Film
1998,BIFA 1998,Best British Independent Film,,Shekhar Kapur,,0,https://en.wikipedia.org/wiki/BIFA_Award_for_Best_British_Independent_Film
1998,BIFA 1998,Best British Independent Film,,Guy Ritchie,,0,https://en.wikipedia.org/wiki/BIFA_Award_for_Best_British_Independent_Film
1998,BIFA 1998,Best British Independent Film,,Gary Oldman,,0,https://en.wikipedia.org/wiki/BIFA_Award_for_Best_British_Independent_Film
1998,BIFA 1998,Best British Independent Film,,Shane Meadows,,0,https://en.wikipedia.org/wiki/BIFA_Award_for_Best_British_Independent_Film
1999,BIFA 1999,Best Actor,Ian McKellen,Gods and Monsters,,1,https://en.wikipedia.org/wiki/BIFA_Award_for_Best_Performance_by_an_Actor_in_a_British_Independent_Film
1999,BIFA 1999,Best Actor,Little Voice,Ray Say,,0,https://en.wikipedia.org/wiki/BIFA_Award_for_Best_Performance_by_an_Actor_in_a_British_Independent_Film
1999,BIFA 1999,Best Actor,The Lost Son,Xavier Lombard,,0,https://en.wikipedia.org/wiki/BIFA_Award_for_Best_Performance_by_an_Actor_in_a_British_Independent_Film
1999,BIFA 1999,Best Actor,The Trench,Sgt. Telford Winter,,0,https://en.wikipedia.org/wiki/BIFA_Award_for_Best_Performance_by_an_Actor_in_a_British_Independent_Film
1999,BIFA 1999,Best Actor,The War Zone,Dad,,0,https://en.wikipedia.org/wiki/BIFA_Award_for_Best_Performance_by_an_Actor_in_a_British_Independent_Film
1999,BIFA 1999,Best Actress,Emily Watson,Hilary and Jackie,,1,https://en.wikipedia.org/wiki/BIFA_Award_for_Best_Performance_by_an_Actress_in_a_British_Independent_Film
1999,BIFA 1999,Best Actress,Hilary and Jackie,Hilary du Pré,,0,https://en.wikipedia.org/wiki/BIFA_Award_for_Best_Performance_by_an_Actress_in_a_British_Independent_Film
1999,BIFA 1999,Best Actress,Little Voice,LV,,0,https://en.wikipedia.org/wiki/BIFA_Award_for_Best_Performance_by_an_Actress_in_a_British_Independent_Film
1999,BIFA 1999,Best Actress,The War Zone,Jessie,,0,https://en.wikipedia.org/wiki/BIFA_Award_for_Best_Performance_by_an_Actress_in_a_British_Independent_Film
1999,BIFA 1999,Best Actress,Wonderland,Nadia,,0,https://en.wikipedia.org/wiki/BIFA_Award_for_Best_Performance_by_an_Actress_in_a_British_Independent_Film
1999,BIFA 1999,Best British Independent Film,,Wonderland,,1,https://en.wikipedia.org/wiki/BIFA_Award_for_Best_British_Independent_Film
1999,BIFA 1999,Best British Independent Film,,Bill Condon,,0,https://en.wikipedia.org/wiki/BIFA_Award_for_Best_British_Independent_Film
1999,BIFA 1999,Best British Independent Film,,Anand Tucker,,0,https://en.wikipedia.org/wiki/BIFA_Award_for_Best_British_Independent_Film
1999,BIFA 1999,Best British Independent Film,,Shane Meadows,,0,https://en.wikipedia.org/wiki/BIFA_Award_for_Best_British_Independent_Film
1999,BIFA 1999,Best British Independent Film,,Tim Roth,,0,https://en.wikipedia.org/wiki/BIFA_Award_for_Best_British_Independent_Film
2000,BIFA 2000,Best Actor,Daniel Craig,Some Voices,,1,https://en.wikipedia.org/wiki/BIFA_Award_for_Best_Performance_by_an_Actor_in_a_British_Independent_Film
2000,BIFA 2000,Best Actor,Gangster No. 1,Young Gangster,,0,https://en.wikipedia.org/wiki/BIFA_Award_for_Best_Performance_by_an_Actor_in_a_British_Independent_Film
2000,BIFA 2000,Best Actor,Love's Labour's Lost,Dumaine,,0,https://en.wikipedia.org/wiki/BIFA_Award_for_Best_Performance_by_an_Actor_in_a_British_Independent_Film
2000,BIFA 2000,Best Actor,Miss Julie,Jean,,0,https://en.wikipedia.org/wiki/BIFA_Award_for_Best_Performance_by_an_Actor_in_a_British_Independent_Film
2000,BIFA 2000,Best Actor,Topsy-Turvy,W. S. Gilbert,,0,https://en.wikipedia.org/wiki/BIFA_Award_for_Best_Performance_by_an_Actor_in_a_British_Independent_Film
2000,BIFA 2000,Best Actress,Gillian Anderson,The House of Mirth,,1,https://en.wikipedia.org/wiki/BIFA_Award_for_Best_Performance_by_an_Actress_in_a_British_Independent_Film
2000,BIFA 2000,Best Actress,Saving Grace,Grace Trevethyn,,0,https://en.wikipedia.org/wiki/BIFA_Award_for_Best_Performance_by_an_Actress_in_a_British_Independent_Film
2000,BIFA 2000,Best Actress,The Low Down,Ruby,,0,https://en.wikipedia.org/wiki/BIFA_Award_for_Best_Performance_by_an_Actress_in_a_British_Independent_Film
2000,BIFA 2000,Best Actress,The Luzhin Defence,Natalia Katkov,,0,https://en.wikipedia.org/wiki/BIFA_Award_for_Best_Performance_by_an_Actress_in_a_British_Independent_Film
2000,BIFA 2000,Best British Independent Film,,Billy Elliot,,1,https://en.wikipedia.org/wiki/BIFA_Award_for_Best_British_Independent_Film
2000,BIFA 2000,Best British Independent Film,,Kevin Macdonald,,0,https://en.wikipedia.org/wiki/BIFA_Award_for_Best_British_Independent_Film
2000,BIFA 2000,Best British Independent Film,,Nigel Cole,,0,https://en.wikipedia.org/wiki/BIFA_Award_for_Best_British_Independent_Film
2000,BIFA 2000,Best British Independent Film,,Terence Davies,,0,https://en.wikipedia.org/wiki/BIFA_Award_for_Best_British_Independent_Film
2000,BIFA 2000,Best British Independent Film,,Paweł Pawlikowski,,0,https://en.wikipedia.org/wiki/BIFA_Award_for_Best_British_Independent_Film
2001,BIFA 2001,Best Actor,Ben Kingsley,Sexy Beast,,1,https://en.wikipedia.org/wiki/BIFA_Award_for_Best_Performance_by_an_Actor_in_a_British_Independent_Film
2001,BIFA 2001,Best Actor,Liam,Dad,,0,https://en.wikipedia.org/wiki/BIFA_Award_for_Best_Performance_by_an_Actor_in_a_British_Independent_Film
2001,BIFA 2001,Best Actor,Lucky Break,Cliff Gumbell,,0,https://en.wikipedia.org/wiki/BIFA_Award_for_Best_Performance_by_an_Actor_in_a_British_Independent_Film
2001,BIFA 2001,Best Actor,Sexy Beast,"Gary ""Gal"" Dove",,0,https://en.wikipedia.org/wiki/BIFA_Award_for_Best_Performance_by_an_Actor_in_a_British_Independent_Film
2001,BIFA 2001,Best Actress,Kate Ashfield,Late Night Shopping,,1,https://en.wikipedia.org/wiki/BIFA_Award_for_Best_Performance_by_an_Actress_in_a_British_Independent_Film
2001,BIFA 2001,Best Actress,Beautiful Creatures,Dorothy,,0,https://en.wikipedia.org/wiki/BIFA_Award_for_Best_Performance_by_an_Actress_in_a_British_Independent_Film
2001,BIFA 2001,Best Actress,Enigma,Hester Wallace,,0,https://en.wikipedia.org/wiki/BIFA_Award_for_Best_Performance_by_an_Actress_in_a_British_Independent_Film
2001,BIFA 2001,Best Actress,Pandaemonium,Sara Coleridge,,0,https://en.wikipedia.org/wiki/BIFA_Award_for_Best_Performance_by_an_Actress_in_a_British_Independent_Film
2001,BIFA 2001,Best British Independent Film,,Sexy Beast,,1,https://en.wikipedia.org/wiki/BIFA_Award_for_Best_British_Independent_Film
2001,BIFA 2001,Best British Independent Film,,Ken Loach,,0,https://en.wikipedia.org/wiki/BIFA_Award_for_Best_British_Independent_Film
2001,BIFA 2001,Best British Independent Film,,Joel Hopkins,,0,https://en.wikipedia.org/wiki/BIFA_Award_for_Best_British_Independent_Film
2001,BIFA 2001,Best British Independent Film,,Richard Parry,,0,https://en.wikipedia.org/wiki/BIFA_Award_for_Best_British_Independent_Film
2001,BIFA 2001,Best British Independent Film,,Asif Kapadia,,0,https://en.wikipedia.org/wiki/BIFA_Award_for_Best_British_Independent_Film
2002,BIFA 2002,Best Actor,James Nesbitt,Bloody Sunday,,1,https://en.wikipedia.org/wiki/BIFA_Award_for_Best_Performance_by_an_Actor_in_a_British_Independent_Film
2002,BIFA 2002,Best Actor,All or Nothing,Phil,,0,https://en.wikipedia.org/wiki/BIFA_Award_for_Best_Performance_by_an_Actor_in_a_British_Independent_Film
2002,BIFA 2002,Best Actor,Lawless Heart,Dan,,0,https://en.wikipedia.org/wiki/BIFA_Award_for_Best_Performance_by_an_Actor_in_a_British_Independent_Film
2002,BIFA 2002,Best Actor,My Kingdom,Sandeman,,0,https://en.wikipedia.org/wiki/BIFA_Award_for_Best_Performance_by_an_Actor_in_a_British_Independent_Film
2002,BIFA 2002,Best Actress,Samantha Morton,Morvern Callar,,1,https://en.wikipedia.org/wiki/BIFA_Award_for_Best_Performance_by_an_Actress_in_a_British_Independent_Film
2002,BIFA 2002,Best Actress,Disco Pigs,Rent/Sinead,,0,https://en.wikipedia.org/wiki/BIFA_Award_for_Best_Performance_by_an_Actress_in_a_British_Independent_Film
2002,BIFA 2002,Best Actress,Olive Burrell,Olive Burrell,,0,https://en.wikipedia.org/wiki/BIFA_Award_for_Best_Performance_by_an_Actress_in_a_British_Independent_Film
2002,BIFA 2002,Best Actress,Villa des Roses,Ella,,0,https://en.wikipedia.org/wiki/BIFA_Award_for_Best_Performance_by_an_Actress_in_a_British_Independent_Film
2002,BIFA 2002,Best British Independent Film,,Sweet Sixteen,,1,https://en.wikipedia.org/wiki/BIFA_Award_for_Best_British_Independent_Film
2002,BIFA 2002,Best British Independent Film,,Gurinder Chadha,,0,https://en.wikipedia.org/wiki/BIFA_Award_for_Best_British_Independent_Film
2002,BIFA 2002,Best British Independent Film,,Paul Greengrass,,0,https://en.wikipedia.org/wiki/BIFA_Award_for_Best_British_Independent_Film
2002,BIFA 2002,Best British Independent Film,,Lynne Ramsay,,0,https://en.wikipedia.org/wiki/BIFA_Award_for_Best_British_Independent_Film
2002,BIFA 2002,Best British Independent Film,,Tom Hunsinger and Neil Hunter,,0,https://en.wikipedia.org/wiki/BIFA_Award_for_Best_British_Independent_Film
2003,BIFA 2003,Best Actor,Chiwetel Ejiofor,Dirty Pretty Things,,1,https://en.wikipedia.org/wiki/BIFA_Award_for_Best_Performance_by_an_Actor_in_a_British_Independent_Film
2003,BIFA 2003,Best Actor,16 Years of Alcohol,Frankie,,0,https://en.wikipedia.org/wiki/BIFA_Award_for_Best_Performance_by_an_Actor_in_a_British_Independent_Film
2003,BIFA 2003,Best Actor,Buffalo Soldiers,Spc. Ray Elwood,,0,https://en.wikipedia.org/wiki/BIFA_Award_for_Best_Performance_by_an_Actor_in_a_British_Independent_Film
2003,BIFA 2003,Best Actor,In America,Johnny Sullivan,,0,https://en.wikipedia.org/wiki/BIFA_Award_for_Best_Performance_by_an_Actor_in_a_British_Independent_Film
2003,BIFA 2003,Best Actor,Young Adam,Joe Taylor,,0,https://en.wikipedia.org/wiki/BIFA_Award_for_Best_Performance_by_an_Actor_in_a_British_Independent_Film
2003,BIFA 2003,Best Actress,Olivia Williams,The Heart of Me,,1,https://en.wikipedia.org/wiki/BIFA_Award_for_Best_Performance_by_an_Actress_in_a_British_Independent_Film
2003,BIFA 2003,Best Actress,In America,Sarah,,0,https://en.wikipedia.org/wiki/BIFA_Award_for_Best_Performance_by_an_Actress_in_a_British_Independent_Film
2003,BIFA 2003,Best Actress,The Heart of Me,Dinah,,0,https://en.wikipedia.org/wiki/BIFA_Award_for_Best_Performance_by_an_Actress_in_a_British_Independent_Film
2003,BIFA 2003,Best Actress,This Little Life,Sadie McGregor,,0,https://en.wikipedia.org/wiki/BIFA_Award_for_Best_Performance_by_an_Actress_in_a_British_Independent_Film
2003,BIFA 2003,Best Actress,Young Adam,Ella Gault,,0,https://en.wikipedia.org/wiki/BIFA_Award_for_Best_Performance_by_an_Actress_in_a_British_Independent_Film
2003,BIFA 2003,Best British Independent Film,,Dirty Pretty Things,,1,https://en.wikipedia.org/wiki/BIFA_Award_for_Best_British_Independent_Film
2003,BIFA 2003,Best British Independent Film,,Danny Boyle,,0,https://en.wikipedia.org/wiki/BIFA_Award_for_Best_British_Independent_Film
2003,BIFA 2003,Best British Independent Film,,Gregor Jordan,,0,https://en.wikipedia.org/wiki/BIFA_Award_for_Best_British_Independent_Film
2003,BIFA 2003,Best British Independent Film,,Peter Mullan,,0,https://en.wikipedia.org/wiki/BIFA_Award_for_Best_British_Independent_Film
2003,BIFA 2003,Best British Independent Film,,David Mackenzie,,0,https://en.wikipedia.org/wiki/BIFA_Award_for_Best_British_Independent_Film
2003,BIFA 2003,Best Supporting Actor,,16 Years of Alcohol,,1,https://en.wikipedia.org/wiki/BIFA_Award_for_Best_Supporting_Actor
2003,BIFA 2003,Best Supporting Actor,,Alice,,0,https://en.wikipedia.org/wiki/BIFA_Award_for_Best_Supporting_Actor
2003,BIFA 2003,Best Supporting Actor,,Juliette,,0,https://en.wikipedia.org/wiki/BIFA_Award_for_Best_Supporting_Actor
2003,BIFA 2003,Best Supporting Actor,,Harbour,,0,https://en.wikipedia.org/wiki/BIFA_Award_for_Best_Supporting_Actor
2003,BIFA 2003,Best Supporting Actor,,Guo Yi,,0,https://en.wikipedia.org/wiki/BIFA_Award_for_Best_Supporting_Actor
2003,BIFA 2003,Best Supporting Actress,,16 Years of Alcohol,,1,https://en.wikipedia.org/wiki/BIFA_Award_for_Best_Supporting_Actress
2003,BIFA 2003,Best Supporting Actress,,Alice,,0,https://en.wikipedia.org/wiki/BIFA_Award_for_Best_Supporting_Actress
2003,BIFA 2003,Best Supporting Actress,,Juliette,,0,https://en.wikipedia.org/wiki/BIFA_Award_for_Best_Supporting_Actress
2003,BIFA 2003,Best Supporting Actress,,Harbour,,0,https://en.wikipedia.org/wiki/BIFA_Award_for_Best_Supporting_Actress
2003,BIFA 2003,Best Supporting Actress,,Guo Yi,,0,https://en.wikipedia.org/wiki/BIFA_Award_for_Best_Supporting_Actress
2004,BIFA 2004,Best Actor,Phil Davis,Vera Drake,,1,https://en.wikipedia.org/wiki/BIFA_Award_for_Best_Performance_by_an_Actor_in_a_British_Independent_Film
2004,BIFA 2004,Best Actor,Blind Flight,Brian Keenan,,0,https://en.wikipedia.org/wiki/BIFA_Award_for_Best_Performance_by_an_Actor_in_a_British_Independent_Film
2004,BIFA 2004,Best Actor,Dead Man's Shoes,Richard,,0,https://en.wikipedia.org/wiki/BIFA_Award_for_Best_Performance_by_an_Actor_in_a_British_Independent_Film
2004,BIFA 2004,Best Actor,Enduring Love,Joe Rose,,0,https://en.wikipedia.org/wiki/BIFA_Award_for_Best_Performance_by_an_Actor_in_a_British_Independent_Film
2004,BIFA 2004,Best Actor,The Life and Death of Peter Sellers,Peter Sellers,,0,https://en.wikipedia.org/wiki/BIFA_Award_for_Best_Performance_by_an_Actor_in_a_British_Independent_Film
2004,BIFA 2004,Best Actress,Imelda Staunton,Vera Drake,,1,https://en.wikipedia.org/wiki/BIFA_Award_for_Best_Performance_by_an_Actress_in_a_British_Independent_Film
2004,BIFA 2004,Best Actress,Ae Fond Kiss...,Roisin Hanlon,,0,https://en.wikipedia.org/wiki/BIFA_Award_for_Best_Performance_by_an_Actress_in_a_British_Independent_Film
2004,BIFA 2004,Best Actress,Girl with a Pearl Earring,Griet,,0,https://en.wikipedia.org/wiki/BIFA_Award_for_Best_Performance_by_an_Actress_in_a_British_Independent_Film
2004,BIFA 2004,Best Actress,My Summer of Love,Mona,,0,https://en.wikipedia.org/wiki/BIFA_Award_for_Best_Performance_by_an_Actress_in_a_British_Independent_Film
2004,BIFA 2004,Best Actress,The Mother,May,,0,https://en.wikipedia.org/wiki/BIFA_Award_for_Best_Performance_by_an_Actress_in_a_British_Independent_Film
2004,BIFA 2004,Best British Independent Film,,Vera Drake,,1,https://en.wikipedia.org/wiki/BIFA_Award_for_Best_British_Independent_Film
2004,BIFA 2004,Best British Independent Film,,Shane Meadows,,0,https://en.wikipedia.org/wiki/BIFA_Award_for_Best_British_Independent_Film
2004,BIFA 2004,Best British Independent Film,,Paweł Pawlikowski,,0,https://en.wikipedia.org/wiki/BIFA_Award_for_Best_British_Independent_Film
2004,BIFA 2004,Best British Independent Film,,Edgar Wright,,0,https://en.wikipedia.org/wiki/BIFA_Award_for_Best_British_Independent_Film
2004,BIFA 2004,Best British Independent Film,,Kevin Macdonald,,0,https://en.wikipedia.org/wiki/BIFA_Award_for_Best_British_Independent_Film
2004,BIFA 2004,Best Supporting Actor,,Vera Drake,,1,https://en.wikipedia.org/wiki/BIFA_Award_for_Best_Supporting_Actor
2004,BIFA 2004,Best Supporting Actor,,Phil,,0,https://en.wikipedia.org/wiki/BIFA_Award_for_Best_Supporting_Actor
2004,BIFA 2004,Best Supporting Actor,,Siobhán,,0,https://en.wikipedia.org/wiki/BIFA_Award_for_Best_Supporting_Actor
2004,BIFA 2004,Best Supporting Actor,,Claire,,0,https://en.wikipedia.org/wiki/BIFA_Award_for_Best_Supporting_Actor
2004,BIFA 2004,Best Supporting Actor,,Sonny,,0,https://en.wikipedia.org/wiki/BIFA_Award_for_Best_Supporting_Actor
2004,BIFA 2004,Best Supporting Actress,,Vera Drake,,1,https://en.wikipedia.org/wiki/BIFA_Award_for_Best_Supporting_Actress
2004,BIFA 2004,Best Supporting Actress,,Phil,,0,https://en.wikipedia.org/wiki/BIFA_Award_for_Best_Supporting_Actress
2004,BIFA 2004,Best Supporting Actress,,Siobhán,,0,https://en.wikipedia.org/wiki/BIFA_Award_for_Best_Supporting_Actress
2004,BIFA 2004,Best Supporting Actress,,Claire,,0,https://en.wikipedia.org/wiki/BIFA_Award_for_Best_Supporting_Actress
2004,BIFA 2004,Best Supporting Actress,,Sonny,,0,https://en.wikipedia.org/wiki/BIFA_Award_for_Best_Supporting_Actress
2005,BIFA 2005,Best Actor,Ralph Fiennes,The Constant Gardener,,1,https://en.wikipedia.org/wiki/BIFA_Award_for_Best_Performance_by_an_Actor_in_a_British_Independent_Film
2005,BIFA 2005,Best Actor,In My Father's Den,Paul Prior,,0,https://en.wikipedia.org/wiki/BIFA_Award_for_Best_Performance_by_an_Actor_in_a_British_Independent_Film
2005,BIFA 2005,Best Actor,Kinky Boots,Lola,,0,https://en.wikipedia.org/wiki/BIFA_Award_for_Best_Performance_by_an_Actor_in_a_British_Independent_Film
2005,BIFA 2005,Best Actor,Mrs Henderson Presents,Vivian Van Damm,,0,https://en.wikipedia.org/wiki/BIFA_Award_for_Best_Performance_by_an_Actor_in_a_British_Independent_Film
2005,BIFA 2005,Best Actor,The Libertine,"John Wilmot, 2nd Earl of Rochester",,0,https://en.wikipedia.org/wiki/BIFA_Award_for_Best_Performance_by_an_Actor_in_a_British_Independent_Film
2005,BIFA 2005,Best Actress,Rachel Weisz,The Constant Gardener,,1,https://en.wikipedia.org/wiki/BIFA_Award_for_Best_Performance_by_an_Actress_in_a_British_Independent_Film
2005,BIFA 2005,Best Actress,Asylum,Stella Raphael,,0,https://en.wikipedia.org/wiki/BIFA_Award_for_Best_Performance_by_an_Actress_in_a_British_Independent_Film
2005,BIFA 2005,Best Actress,Mrs Henderson Presents,Mrs. Henderson,,0,https://en.wikipedia.org/wiki/BIFA_Award_for_Best_Performance_by_an_Actress_in_a_British_Independent_Film
2005,BIFA 2005,Best Actress,Wah-Wah,Ruby Compton,,0,https://en.wikipedia.org/wiki/BIFA_Award_for_Best_Performance_by_an_Actress_in_a_British_Independent_Film
2005,BIFA 2005,Best Actress,Yes,She,,0,https://en.wikipedia.org/wiki/BIFA_Award_for_Best_Performance_by_an_Actress_in_a_British_Independent_Film
2005,BIFA 2005,Best British Independent Film,,The Constant Gardener,,1,https://en.wikipedia.org/wiki/BIFA_Award_for_Best_British_Independent_Film
2005,BIFA 2005,Best British Independent Film,,Michael Winterbottom,,0,https://en.wikipedia.org/wiki/BIFA_Award_for_Best_British_Independent_Film
2005,BIFA 2005,Best British Independent Film,,Stephen Frears,,0,https://en.wikipedia.org/wiki/BIFA_Award_for_Best_British_Independent_Film
2005,BIFA 2005,Best British Independent Film,,Neil Marshall,,0,https://en.wikipedia.org/wiki/BIFA_Award_for_Best_British_Independent_Film
2005,BIFA 2005,Best British Independent Film,,Laurence Dunmore,,0,https://en.wikipedia.org/wiki/BIFA_Award_for_Best_British_Independent_Film
2005,BIFA 2005,Best Supporting Actor,,The Libertine,,1,https://en.wikipedia.org/wiki/BIFA_Award_for_Best_Supporting_Actor
2005,BIFA 2005,Best Supporting Actor,,Captain Toby Shandy / Rob Brydon,,0,https://en.wikipedia.org/wiki/BIFA_Award_for_Best_Supporting_Actor
2005,BIFA 2005,Best Supporting Actor,,George Etherege,,0,https://en.wikipedia.org/wiki/BIFA_Award_for_Best_Supporting_Actor
2005,BIFA 2005,Best Supporting Actor,,Sir Bernard Pellegrin,,0,https://en.wikipedia.org/wiki/BIFA_Award_for_Best_Supporting_Actor
2005,BIFA 2005,Best Supporting Actor,,Maureen Ashford,,0,https://en.wikipedia.org/wiki/BIFA_Award_for_Best_Supporting_Actor
2005,BIFA 2005,Best Supporting Actress,,The Libertine,,1,https://en.wikipedia.org/wiki/BIFA_Award_for_Best_Supporting_Actress
2005,BIFA 2005,Best Supporting Actress,,Captain Toby Shandy / Rob Brydon,,0,https://en.wikipedia.org/wiki/BIFA_Award_for_Best_Supporting_Actress
2005,BIFA 2005,Best Supporting Actress,,George Etherege,,0,https://en.wikipedia.org/wiki/BIFA_Award_for_Best_Supporting_Actress
2005,BIFA 2005,Best Supporting Actress,,Sir Bernard Pellegrin,,0,https://en.wikipedia.org/wiki/BIFA_Award_for_Best_Supporting_Actress
2005,BIFA 2005,Best Supporting Actress,,Maureen Ashford,,0,https://en.wikipedia.org/wiki/BIFA_Award_for_Best_Supporting_Actress
2006,BIFA 2006,Best Actor,Tony Curran,Red Road,,1,https://en.wikipedia.org/wiki/BIFA_Award_for_Best_Performance_by_an_Actor_in_a_British_Independent_Film
2006,BIFA 2006,Best Actor,The Last King of Scotland,Nicholas Garrigan,,0,https://en.wikipedia.org/wiki/BIFA_Award_for_Best_Performance_by_an_Actor_in_a_British_Independent_Film
2006,BIFA 2006,Best Actor,The Last King of Scotland,Idi Amin,,0,https://en.wikipedia.org/wiki/BIFA_Award_for_Best_Performance_by_an_Actor_in_a_British_Independent_Film
2006,BIFA 2006,Best Actor,The Wind That Shakes the Barley,Damien O'Donovan,,0,https://en.wikipedia.org/wiki/BIFA_Award_for_Best_Performance_by_an_Actor_in_a_British_Independent_Film
2006,BIFA 2006,Best Actor,Venus,Maurice Russell,,0,https://en.wikipedia.org/wiki/BIFA_Award_for_Best_Performance_by_an_Actor_in_a_British_Independent_Film
2006,BIFA 2006,Best Actress,Kate Dickie,Red Road,,1,https://en.wikipedia.org/wiki/BIFA_Award_for_Best_Performance_by_an_Actress_in_a_British_Independent_Film
2006,BIFA 2006,Best Actress,Breaking and Entering,Amira Simić,,0,https://en.wikipedia.org/wiki/BIFA_Award_for_Best_Performance_by_an_Actress_in_a_British_Independent_Film
2006,BIFA 2006,Best Actress,Breaking and Entering,Liv,,0,https://en.wikipedia.org/wiki/BIFA_Award_for_Best_Performance_by_an_Actress_in_a_British_Independent_Film
2006,BIFA 2006,Best Actress,The History Boys,Mrs. Lintott,,0,https://en.wikipedia.org/wiki/BIFA_Award_for_Best_Performance_by_an_Actress_in_a_British_Independent_Film
2006,BIFA 2006,Best Actress,The Queen,Queen Elizabeth II,,0,https://en.wikipedia.org/wiki/BIFA_Award_for_Best_Performance_by_an_Actress_in_a_British_Independent_Film
2006,BIFA 2006,Best British Independent Film,,This Is England,,1,https://en.wikipedia.org/wiki/BIFA_Award_for_Best_British_Independent_Film
2006,BIFA 2006,Best British Independent Film,,Andrea Arnold,,0,https://en.wikipedia.org/wiki/BIFA_Award_for_Best_British_Independent_Film
2006,BIFA 2006,Best British Independent Film,,Kevin Macdonald,,0,https://en.wikipedia.org/wiki/BIFA_Award_for_Best_British_Independent_Film
2006,BIFA 2006,Best British Independent Film,,Stephen Frears,,0,https://en.wikipedia.org/wiki/BIFA_Award_for_Best_British_Independent_Film
2006,BIFA 2006,Best British Independent Film,,Ken Loach,,0,https://en.wikipedia.org/wiki/BIFA_Award_for_Best_British_Independent_Film
2006,BIFA 2006,Best Supporting Actor,,Venus,,1,https://en.wikipedia.org/wiki/BIFA_Award_for_Best_Supporting_Actor
2006,BIFA 2006,Best Supporting Actor,,Stevie,,0,https://en.wikipedia.org/wiki/BIFA_Award_for_Best_Supporting_Actor
2006,BIFA 2006,Best Supporting Actor,,Woody,,0,https://en.wikipedia.org/wiki/BIFA_Award_for_Best_Supporting_Actor
2006,BIFA 2006,Best Supporting Actor,,Valerie,,0,https://en.wikipedia.org/wiki/BIFA_Award_for_Best_Supporting_Actor
2006,BIFA 2006,Best Supporting Actress,,Venus,,1,https://en.wikipedia.org/wiki/BIFA_Award_for_Best_Supporting_Actress
2006,BIFA 2006,Best Supporting Actress,,Stevie,,0,https://en.wikipedia.org/wiki/BIFA_Award_for_Best_Supporting_Actress
2006,BIFA 2006,Best Supporting Actress,,Woody,,0,https://en.wikipedia.org/wiki/BIFA_Award_for_Best_Supporting_Actress
2006,BIFA 2006,Best Supporting Actress,,Valerie,,0,https://en.wikipedia.org/wiki/BIFA_Award_for_Best_Supporting_Actress
2007,BIFA 2007,Best Actor,Viggo Mortensen,Eastern Promises,,1,https://en.wikipedia.org/wiki/BIFA_Award_for_Best_Performance_by_an_Actor_in_a_British_Independent_Film
2007,BIFA 2007,Best Actor,And When Did You Last See Your Father?,Arthur Morrison,,0,https://en.wikipedia.org/wiki/BIFA_Award_for_Best_Performance_by_an_Actor_in_a_British_Independent_Film
2007,BIFA 2007,Best Actor,Control,Ian Curtis,,0,https://en.wikipedia.org/wiki/BIFA_Award_for_Best_Performance_by_an_Actor_in_a_British_Independent_Film
2007,BIFA 2007,Best Actor,Hallam Foe,Hallam Foe,,0,https://en.wikipedia.org/wiki/BIFA_Award_for_Best_Performance_by_an_Actor_in_a_British_Independent_Film
2007,BIFA 2007,Best Actor,Sunshine,Robert Capa,,0,https://en.wikipedia.org/wiki/BIFA_Award_for_Best_Performance_by_an_Actor_in_a_British_Independent_Film
2007,BIFA 2007,Best Actress,Judi Dench,Notes on a Scandal,,1,https://en.wikipedia.org/wiki/BIFA_Award_for_Best_Performance_by_an_Actress_in_a_British_Independent_Film
2007,BIFA 2007,Best Actress,Becoming Jane,Jane Austen,,0,https://en.wikipedia.org/wiki/BIFA_Award_for_Best_Performance_by_an_Actress_in_a_British_Independent_Film
2007,BIFA 2007,Best Actress,Brick Lane,Nazneen Ahmed,,0,https://en.wikipedia.org/wiki/BIFA_Award_for_Best_Performance_by_an_Actress_in_a_British_Independent_Film
2007,BIFA 2007,Best Actress,Hallam Foe,Kate Breck,,0,https://en.wikipedia.org/wiki/BIFA_Award_for_Best_Performance_by_an_Actress_in_a_British_Independent_Film
2007,BIFA 2007,Best Actress,It's a Free World...,Angela,,0,https://en.wikipedia.org/wiki/BIFA_Award_for_Best_Performance_by_an_Actress_in_a_British_Independent_Film
2007,BIFA 2007,Best British Independent Film,,Control,,1,https://en.wikipedia.org/wiki/BIFA_Award_for_Best_British_Independent_Film
2007,BIFA 2007,Best British Independent Film,,Anand Tucker,,0,https://en.wikipedia.org/wiki/BIFA_Award_for_Best_British_Independent_Film
2007,BIFA 2007,Best British Independent Film,,David Cronenberg,,0,https://en.wikipedia.org/wiki/BIFA_Award_for_Best_British_Independent_Film
2007,BIFA 2007,Best British Independent Film,,David Mackenzie,,0,https://en.wikipedia.org/wiki/BIFA_Award_for_Best_British_Independent_Film
2007,BIFA 2007,Best British Independent Film,,Richard Eyre,,0,https://en.wikipedia.org/wiki/BIFA_Award_for_Best_British_Independent_Film
2007,BIFA 2007,Best Supporting Actor,,Control,,1,https://en.wikipedia.org/wiki/BIFA_Award_for_Best_Supporting_Actor
2007,BIFA 2007,Best Supporting Actor,,Sheba Hart,,0,https://en.wikipedia.org/wiki/BIFA_Award_for_Best_Supporting_Actor
2007,BIFA 2007,Best Supporting Actor,,Blake Morrison,,0,https://en.wikipedia.org/wiki/BIFA_Award_for_Best_Supporting_Actor
2007,BIFA 2007,Best Supporting Actor,,Deborah Curtis,,0,https://en.wikipedia.org/wiki/BIFA_Award_for_Best_Supporting_Actor
2007,BIFA 2007,Best Supporting Actor,,Vor Semyon,,0,https://en.wikipedia.org/wiki/BIFA_Award_for_Best_Supporting_Actor
2007,BIFA 2007,Best Supporting Actress,,Control,,1,https://en.wikipedia.org/wiki/BIFA_Award_for_Best_Supporting_Actress
2007,BIFA 2007,Best Supporting Actress,,Sheba Hart,,0,https://en.wikipedia.org/wiki/BIFA_Award_for_Best_Supporting_Actress
2007,BIFA 2007,Best Supporting Actress,,Blake Morrison,,0,https://en.wikipedia.org/wiki/BIFA_Award_for_Best_Supporting_Actress
2007,BIFA 2007,Best Supporting Actress,,Deborah Curtis,,0,https://en.wikipedia.org/wiki/BIFA_Award_for_Best_Supporting_Actress
2007,BIFA 2007,Best Supporting Actress,,Vor Semyon,,0,https://en.wikipedia.org/wiki/BIFA_Award_for_Best_Supporting_Actress
2008,BIFA 2008,Best Actor,Michael Fassbender,Hunger,,1,https://en.wikipedia.org/wiki/BIFA_Award_for_Best_Performance_by_an_Actor_in_a_British_Independent_Film
2008,BIFA 2008,Best Actor,In Bruges,Ray,,0,https://en.wikipedia.org/wiki/BIFA_Award_for_Best_Performance_by_an_Actor_in_a_British_Independent_Film
2008,BIFA 2008,Best Actor,Ken,Ken,,0,https://en.wikipedia.org/wiki/BIFA_Award_for_Best_Performance_by_an_Actor_in_a_British_Independent_Film
2008,BIFA 2008,Best Actor,Shifty,Shifty,,0,https://en.wikipedia.org/wiki/BIFA_Award_for_Best_Performance_by_an_Actor_in_a_British_Independent_Film
2008,BIFA 2008,Best Actor,Somers Town,Tomo,,0,https://en.wikipedia.org/wiki/BIFA_Award_for_Best_Performance_by_an_Actor_in_a_British_Independent_Film
2008,BIFA 2008,Best Actress,Vera Farmiga,The Boy in the Striped Pyjamas,,1,https://en.wikipedia.org/wiki/BIFA_Award_for_Best_Performance_by_an_Actress_in_a_British_Independent_Film
2008,BIFA 2008,Best Actress,Eden Lake,Jenny,,0,https://en.wikipedia.org/wiki/BIFA_Award_for_Best_Performance_by_an_Actress_in_a_British_Independent_Film
2008,BIFA 2008,Best Actress,Happy-Go-Lucky,"Pauline ""Poppy"" Cross",,0,https://en.wikipedia.org/wiki/BIFA_Award_for_Best_Performance_by_an_Actress_in_a_British_Independent_Film
2008,BIFA 2008,Best Actress,The Daisy Chain,Martha Conroy,,0,https://en.wikipedia.org/wiki/BIFA_Award_for_Best_Performance_by_an_Actress_in_a_British_Independent_Film
2008,BIFA 2008,Best Actress,The Duchess,Duchess Georgiana,,0,https://en.wikipedia.org/wiki/BIFA_Award_for_Best_Performance_by_an_Actress_in_a_British_Independent_Film
2008,BIFA 2008,Best British Independent Film,,Slumdog Millionaire,,1,https://en.wikipedia.org/wiki/BIFA_Award_for_Best_British_Independent_Film
2008,BIFA 2008,Best British Independent Film,,Steve McQueen,,0,https://en.wikipedia.org/wiki/BIFA_Award_for_Best_British_Independent_Film
2008,BIFA 2008,Best British Independent Film,,Martin McDonagh,,0,https://en.wikipedia.org/wiki/BIFA_Award_for_Best_British_Independent_Film
2008,BIFA 2008,Best British Independent Film,,James Marsh,,0,https://en.wikipedia.org/wiki/BIFA_Award_for_Best_British_Independent_Film
2008,BIFA 2008,Best British Independent Film,,Shane Meadows,,0,https://en.wikipedia.org/wiki/BIFA_Award_for_Best_British_Independent_Film
2008,BIFA 2008,Best Supporting Actor,Eddie Marsan,Happy-Go-Lucky,,1,https://en.wikipedia.org/wiki/BIFA_Award_for_Best_Supporting_Actor
2008,BIFA 2008,Best Supporting Actor,Harry Waters,Harry Waters,,0,https://en.wikipedia.org/wiki/BIFA_Award_for_Best_Supporting_Actor
2008,BIFA 2008,Best Supporting Actor,Hunger,Father Dominic Moran,,0,https://en.wikipedia.org/wiki/BIFA_Award_for_Best_Supporting_Actor
2008,BIFA 2008,Best Supporting Actor,Shifty,Chris,,0,https://en.wikipedia.org/wiki/BIFA_Award_for_Best_Supporting_Actor
2008,BIFA 2008,Best Supporting Actor,The Duchess,"William Cavendish, 5th Duke of Devonshire",,0,https://en.wikipedia.org/wiki/BIFA_Award_for_Best_Supporting_Actor
2008,BIFA 2008,Best Supporting Actress,Alexis Zegerman,Happy-Go-Lucky,,1,https://en.wikipedia.org/wiki/BIFA_Award_for_Best_Supporting_Actress
2008,BIFA 2008,Best Supporting Actress,Brideshead Revisited,Lady Marchmain,,0,https://en.wikipedia.org/wiki/BIFA_Award_for_Best_Supporting_Actress
2008,BIFA 2008,Best Supporting Actress,Easy Virtue,Veronica Whittaker,,0,https://en.wikipedia.org/wiki/BIFA_Award_for_Best_Supporting_Actress
2008,BIFA 2008,Best Supporting Actress,The Duchess,"Elizabeth ""Bess"" Foster",,0,https://en.wikipedia.org/wiki/BIFA_Award_for_Best_Supporting_Actress
2008,BIFA 2008,Best Supporting Actress,The Edge of Love,Caitlin Thomas,,0,https://en.wikipedia.org/wiki/BIFA_Award_for_Best_Supporting_Actress
2009,BIFA 2009,Best Actor,Tom Hardy,Bronson,,1,https://en.wikipedia.org/wiki/BIFA_Award_for_Best_Performance_by_an_Actor_in_a_British_Independent_Film
2009,BIFA 2009,Best Actor,In the Loop,Malcolm Tucker,,0,https://en.wikipedia.org/wiki/BIFA_Award_for_Best_Performance_by_an_Actor_in_a_British_Independent_Film
2009,BIFA 2009,Best Actor,Moon,Sam Bell,,0,https://en.wikipedia.org/wiki/BIFA_Award_for_Best_Performance_by_an_Actor_in_a_British_Independent_Film
2009,BIFA 2009,Best Actor,Nowhere Boy,John Lennon,,0,https://en.wikipedia.org/wiki/BIFA_Award_for_Best_Performance_by_an_Actor_in_a_British_Independent_Film
2009,BIFA 2009,Best Actor,Sex & Drugs & Rock & Roll,Ian Dury,,0,https://en.wikipedia.org/wiki/BIFA_Award_for_Best_Performance_by_an_Actor_in_a_British_Independent_Film
2009,BIFA 2009,Best Actress,Carey Mulligan,An Education,,1,https://en.wikipedia.org/wiki/BIFA_Award_for_Best_Performance_by_an_Actress_in_a_British_Independent_Film
2009,BIFA 2009,Best Actress,Bright Star,Fanny Brawne,,0,https://en.wikipedia.org/wiki/BIFA_Award_for_Best_Performance_by_an_Actress_in_a_British_Independent_Film
2009,BIFA 2009,Best Actress,Fish Tank,Mia Williams,,0,https://en.wikipedia.org/wiki/BIFA_Award_for_Best_Performance_by_an_Actress_in_a_British_Independent_Film
2009,BIFA 2009,Best Actress,Skin,Sandra Laing,,0,https://en.wikipedia.org/wiki/BIFA_Award_for_Best_Performance_by_an_Actress_in_a_British_Independent_Film
2009,BIFA 2009,Best Actress,The Young Victoria,Queen Victoria,,0,https://en.wikipedia.org/wiki/BIFA_Award_for_Best_Performance_by_an_Actress_in_a_British_Independent_Film
2009,BIFA 2009,Best British Independent Film,,Moon,,1,https://en.wikipedia.org/wiki/BIFA_Award_for_Best_British_Independent_Film
2009,BIFA 2009,Best British Independent Film,,Lone Scherfig,,0,https://en.wikipedia.org/wiki/BIFA_Award_for_Best_British_Independent_Film
2009,BIFA 2009,Best British Independent Film,,Andrea Arnold,,0,https://en.wikipedia.org/wiki/BIFA_Award_for_Best_British_Independent_Film
2009,BIFA 2009,Best British Independent Film,,Armando Iannucci,,0,https://en.wikipedia.org/wiki/BIFA_Award_for_Best_British_Independent_Film
2009,BIFA 2009,Best British Independent Film,,Sam Taylor-Wood,,0,https://en.wikipedia.org/wiki/BIFA_Award_for_Best_British_Independent_Film
2009,BIFA 2009,Best Supporting Actor,John Henshaw,Looking for Eric,,1,https://en.wikipedia.org/wiki/BIFA_Award_for_Best_Supporting_Actor
2009,BIFA 2009,Best Supporting Actor,An Education,Jack Mellor,,0,https://en.wikipedia.org/wiki/BIFA_Award_for_Best_Supporting_Actor
2009,BIFA 2009,Best Supporting Actor,Fish Tank,Connor,,0,https://en.wikipedia.org/wiki/BIFA_Award_for_Best_Supporting_Actor
2009,BIFA 2009,Best Supporting Actor,In the Loop,Simon Foster,,0,https://en.wikipedia.org/wiki/BIFA_Award_for_Best_Supporting_Actor
2009,BIFA 2009,Best Supporting Actor,The Damned United,Sam Longson,,0,https://en.wikipedia.org/wiki/BIFA_Award_for_Best_Supporting_Actor
2009,BIFA 2009,Best Supporting Actress,Anne-Marie Duff,Nowhere Boy,,1,https://en.wikipedia.org/wiki/BIFA_Award_for_Best_Supporting_Actress
2009,BIFA 2009,Best Supporting Actress,An Education,Helen,,0,https://en.wikipedia.org/wiki/BIFA_Award_for_Best_Supporting_Actress
2009,BIFA 2009,Best Supporting Actress,Bright Star,Mrs. Brawne,,0,https://en.wikipedia.org/wiki/BIFA_Award_for_Best_Supporting_Actress
2009,BIFA 2009,Best Supporting Actress,Fish Tank,Joanne Williams,,0,https://en.wikipedia.org/wiki/BIFA_Award_for_Best_Supporting_Actress
2009,BIFA 2009,Best Supporting Actress,Nowhere Boy,Mimi Smith,,0,https://en.wikipedia.org/wiki/BIFA_Award_for_Best_Supporting_Actress
2010,BIFA 2010,Best Actor,Colin Firth,The King's Speech,,1,https://en.wikipedia.org/wiki/BIFA_Award_for_Best_Performance_by_an_Actor_in_a_British_Independent_Film
2010,BIFA 2010,Best Actor,Another Year,Tom Hepple,,0,https://en.wikipedia.org/wiki/BIFA_Award_for_Best_Performance_by_an_Actor_in_a_British_Independent_Film
2010,BIFA 2010,Best Actor,Four Lions,Omar,,0,https://en.wikipedia.org/wiki/BIFA_Award_for_Best_Performance_by_an_Actor_in_a_British_Independent_Film
2010,BIFA 2010,Best Actor,Monsters,Andrew Kaulder,,0,https://en.wikipedia.org/wiki/BIFA_Award_for_Best_Performance_by_an_Actor_in_a_British_Independent_Film
2010,BIFA 2010,Best Actor,Treacle Jr.,Aidan,,0,https://en.wikipedia.org/wiki/BIFA_Award_for_Best_Performance_by_an_Actor_in_a_British_Independent_Film
2010,BIFA 2010,Best Actress,Carey Mulligan,Never Let Me Go,,1,https://en.wikipedia.org/wiki/BIFA_Award_for_Best_Performance_by_an_Actress_in_a_British_Independent_Film
2010,BIFA 2010,Best Actress,Another Year,Gerri Hepple,,0,https://en.wikipedia.org/wiki/BIFA_Award_for_Best_Performance_by_an_Actress_in_a_British_Independent_Film
2010,BIFA 2010,Best Actress,Brighton Rock,Rose,,0,https://en.wikipedia.org/wiki/BIFA_Award_for_Best_Performance_by_an_Actress_in_a_British_Independent_Film
2010,BIFA 2010,Best Actress,Made in Dagenham,Rita O'Grady,,0,https://en.wikipedia.org/wiki/BIFA_Award_for_Best_Performance_by_an_Actress_in_a_British_Independent_Film
2010,BIFA 2010,Best Actress,The Arbor,Lorraine Dunbar,,0,https://en.wikipedia.org/wiki/BIFA_Award_for_Best_Performance_by_an_Actress_in_a_British_Independent_Film
2010,BIFA 2010,Best British Independent Film,,The King's Speech,,1,https://en.wikipedia.org/wiki/BIFA_Award_for_Best_British_Independent_Film
2010,BIFA 2010,Best British Independent Film,,Chris Morris,,0,https://en.wikipedia.org/wiki/BIFA_Award_for_Best_British_Independent_Film
2010,BIFA 2010,Best British Independent Film,,Matthew Vaughn,,0,https://en.wikipedia.org/wiki/BIFA_Award_for_Best_British_Independent_Film
2010,BIFA 2010,Best British Independent Film,,Gareth Edwards,,0,https://en.wikipedia.org/wiki/BIFA_Award_for_Best_British_Independent_Film
2010,BIFA 2010,Best British Independent Film,,Mark Romanek,,0,https://en.wikipedia.org/wiki/BIFA_Award_for_Best_British_Independent_Film
2010,BIFA 2010,Best Supporting Actor,Geoffrey Rush,The King's Speech,,1,https://en.wikipedia.org/wiki/BIFA_Award_for_Best_Supporting_Actor
2010,BIFA 2010,Best Supporting Actor,Four Lions,Waj,,0,https://en.wikipedia.org/wiki/BIFA_Award_for_Best_Supporting_Actor
2010,BIFA 2010,Best Supporting Actor,Made in Dagenham,Albert Passingham,,0,https://en.wikipedia.org/wiki/BIFA_Award_for_Best_Supporting_Actor
2010,BIFA 2010,Best Supporting Actor,Never Let Me Go,Tommy D,,0,https://en.wikipedia.org/wiki/BIFA_Award_for_Best_Supporting_Actor
2010,BIFA 2010,Best Supporting Actor,The King's Speech,King Edward VIII,,0,https://en.wikipedia.org/wiki/BIFA_Award_for_Best_Supporting_Actor
2010,BIFA 2010,Best Supporting Actress,Helena Bonham Carter,The King's Speech,,1,https://en.wikipedia.org/wiki/BIFA_Award_for_Best_Supporting_Actress
2010,BIFA 2010,Best Supporting Actress,Another Year,Mary Smith,,0,https://en.wikipedia.org/wiki/BIFA_Award_for_Best_Supporting_Actress
2010,BIFA 2010,Best Supporting Actress,Made in Dagenham,Lisa Hopkins,,0,https://en.wikipedia.org/wiki/BIFA_Award_for_Best_Supporting_Actress
2010,BIFA 2010,Best Supporting Actress,Never Let Me Go,Ruth C,,0,https://en.wikipedia.org/wiki/BIFA_Award_for_Best_Supporting_Actress
2010,BIFA 2010,Best Supporting Actress,Tamara Drewe,Beth Hardiment,,0,https://en.wikipedia.org/wiki/BIFA_Award_for_Best_Supporting_Actress
2011,BIFA 2011,Best Actor,Michael Fassbender,Shame,,1,https://en.wikipedia.org/wiki/BIFA_Award_for_Best_Performance_by_an_Actor_in_a_British_Independent_Film
2011,BIFA 2011,Best Actor,Kill List,Jay,,0,https://en.wikipedia.org/wiki/BIFA_Award_for_Best_Performance_by_an_Actor_in_a_British_Independent_Film
2011,BIFA 2011,Best Actor,The Guard,Sergeant Gerry Boyle,,0,https://en.wikipedia.org/wiki/BIFA_Award_for_Best_Performance_by_an_Actor_in_a_British_Independent_Film
2011,BIFA 2011,Best Actor,Tinker Tailor Soldier Spy,George Smiley,,0,https://en.wikipedia.org/wiki/BIFA_Award_for_Best_Performance_by_an_Actor_in_a_British_Independent_Film
2011,BIFA 2011,Best Actor,Tyrannosaur,Joseph,,0,https://en.wikipedia.org/wiki/BIFA_Award_for_Best_Performance_by_an_Actor_in_a_British_Independent_Film
2011,BIFA 2011,Best Actress,Olivia Colman,Tyrannosaur,,1,https://en.wikipedia.org/wiki/BIFA_Award_for_Best_Performance_by_an_Actress_in_a_British_Independent_Film
2011,BIFA 2011,Best Actress,Jane Eyre,Jane Eyre,,0,https://en.wikipedia.org/wiki/BIFA_Award_for_Best_Performance_by_an_Actress_in_a_British_Independent_Film
2011,BIFA 2011,Best Actress,Kill List,Shel,,0,https://en.wikipedia.org/wiki/BIFA_Award_for_Best_Performance_by_an_Actress_in_a_British_Independent_Film
2011,BIFA 2011,Best Actress,The Awakening,Florence Cathcart,,0,https://en.wikipedia.org/wiki/BIFA_Award_for_Best_Performance_by_an_Actress_in_a_British_Independent_Film
2011,BIFA 2011,Best Actress,We Need to Talk About Kevin,Eva Khatchadourian,,0,https://en.wikipedia.org/wiki/BIFA_Award_for_Best_Performance_by_an_Actress_in_a_British_Independent_Film
2011,BIFA 2011,Best British Independent Film,,Tyrannosaur,,1,https://en.wikipedia.org/wiki/BIFA_Award_for_Best_British_Independent_Film
2011,BIFA 2011,Best British Independent Film,,Asif Kapadia,,0,https://en.wikipedia.org/wiki/BIFA_Award_for_Best_British_Independent_Film
2011,BIFA 2011,Best British Independent Film,,Steve McQueen,,0,https://en.wikipedia.org/wiki/BIFA_Award_for_Best_British_Independent_Film
2011,BIFA 2011,Best British Independent Film,,Tomas Alfredson,,0,https://en.wikipedia.org/wiki/BIFA_Award_for_Best_British_Independent_Film
2011,BIFA 2011,Best British Independent Film,,Lynne Ramsay,,0,https://en.wikipedia.org/wiki/BIFA_Award_for_Best_British_Independent_Film
2011,BIFA 2011,Best Supporting Actor,Michael Smiley,Kill List,,1,https://en.wikipedia.org/wiki/BIFA_Award_for_Best_Supporting_Actor
2011,BIFA 2011,Best Supporting Actor,Ricki Tarr,Ricki Tarr,,0,https://en.wikipedia.org/wiki/BIFA_Award_for_Best_Supporting_Actor
2011,BIFA 2011,Best Supporting Actor,Tinker Tailor Soldier Spy,Peter Guilliam,,0,https://en.wikipedia.org/wiki/BIFA_Award_for_Best_Supporting_Actor
2011,BIFA 2011,Best Supporting Actor,Tyrannosaur,James,,0,https://en.wikipedia.org/wiki/BIFA_Award_for_Best_Supporting_Actor
2011,BIFA 2011,Best Supporting Actor,We Need to Talk about Kevin,Kevin Khatchadourian,,0,https://en.wikipedia.org/wiki/BIFA_Award_for_Best_Supporting_Actor
2011,BIFA 2011,Best Supporting Actress,Vanessa Redgrave,Coriolanus,,1,https://en.wikipedia.org/wiki/BIFA_Award_for_Best_Supporting_Actress
2011,BIFA 2011,Best Supporting Actress,Albatross,Beth Fischer,,0,https://en.wikipedia.org/wiki/BIFA_Award_for_Best_Supporting_Actress
2011,BIFA 2011,Best Supporting Actress,Shame,Sissy Sullivan,,0,https://en.wikipedia.org/wiki/BIFA_Award_for_Best_Supporting_Actress
2011,BIFA 2011,Best Supporting Actress,Submarine,Jill Tate,,0,https://en.wikipedia.org/wiki/BIFA_Award_for_Best_Supporting_Actress
2011,BIFA 2011,Best Supporting Actress,Tinker Tailor Soldier Spy,Connie Sachs,,0,https://en.wikipedia.org/wiki/BIFA_Award_for_Best_Supporting_Actress
2012,BIFA 2012,Best Actor,Toby Jones,Berberian Sound Studio,,1,https://en.wikipedia.org/wiki/BIFA_Award_for_Best_Performance_by_an_Actor_in_a_British_Independent_Film
2012,BIFA 2012,Best Actor,Broken,Archie Cunningham,,0,https://en.wikipedia.org/wiki/BIFA_Award_for_Best_Performance_by_an_Actor_in_a_British_Independent_Film
2012,BIFA 2012,Best Actor,Ill Manors,Aaron,,0,https://en.wikipedia.org/wiki/BIFA_Award_for_Best_Performance_by_an_Actor_in_a_British_Independent_Film
2012,BIFA 2012,Best Actor,Sightseers,Chris,,0,https://en.wikipedia.org/wiki/BIFA_Award_for_Best_Performance_by_an_Actor_in_a_British_Independent_Film
2012,BIFA 2012,Best Actor,Song for Marion,Arthur,,0,https://en.wikipedia.org/wiki/BIFA_Award_for_Best_Performance_by_an_Actor_in_a_British_Independent_Film
2012,BIFA 2012,Best Actress,Andrea Riseborough,Shadow Dancer,,1,https://en.wikipedia.org/wiki/BIFA_Award_for_Best_Performance_by_an_Actress_in_a_British_Independent_Film
2012,BIFA 2012,Best Actress,Ginger & Rosa,Ginger,,0,https://en.wikipedia.org/wiki/BIFA_Award_for_Best_Performance_by_an_Actress_in_a_British_Independent_Film
2012,BIFA 2012,Best Actress,Sightseers,Tina,,0,https://en.wikipedia.org/wiki/BIFA_Award_for_Best_Performance_by_an_Actress_in_a_British_Independent_Film
2012,BIFA 2012,Best Actress,The Best Exotic Marigold Hotel,Evelyn Greenslade,,0,https://en.wikipedia.org/wiki/BIFA_Award_for_Best_Performance_by_an_Actress_in_a_British_Independent_Film
2012,BIFA 2012,Best Actress,The Iron Lady,Margaret Thatcher,,0,https://en.wikipedia.org/wiki/BIFA_Award_for_Best_Performance_by_an_Actress_in_a_British_Independent_Film
2012,BIFA 2012,Best British Independent Film,,Broken,,1,https://en.wikipedia.org/wiki/BIFA_Award_for_Best_British_Independent_Film
2012,BIFA 2012,Best British Independent Film,,John Madden,,0,https://en.wikipedia.org/wiki/BIFA_Award_for_Best_British_Independent_Film
2012,BIFA 2012,Best British Independent Film,,Bart Layton,,0,https://en.wikipedia.org/wiki/BIFA_Award_for_Best_British_Independent_Film
2012,BIFA 2012,Best British Independent Film,,Ben Wheatley,,0,https://en.wikipedia.org/wiki/BIFA_Award_for_Best_British_Independent_Film
2012,BIFA 2012,Best British Independent Film,,Peter Strickland,,0,https://en.wikipedia.org/wiki/BIFA_Award_for_Best_British_Independent_Film
2012,BIFA 2012,Best Supporting Actor,Rory Kinnear,Broken,,1,https://en.wikipedia.org/wiki/BIFA_Award_for_Best_Supporting_Actor
2012,BIFA 2012,Best Supporting Actor,Broken,Mike Kiernan,,0,https://en.wikipedia.org/wiki/BIFA_Award_for_Best_Supporting_Actor
2012,BIFA 2012,Best Supporting Actor,Quartet,"Wilfred ""Wilf"" Bond",,0,https://en.wikipedia.org/wiki/BIFA_Award_for_Best_Supporting_Actor
2012,BIFA 2012,Best Supporting Actor,Shadow Dancer,Connor McVeigh,,0,https://en.wikipedia.org/wiki/BIFA_Award_for_Best_Supporting_Actor
2012,BIFA 2012,Best Supporting Actor,The Best Exotic Marigold Hotel,Graham Dashwood,,0,https://en.wikipedia.org/wiki/BIFA_Award_for_Best_Supporting_Actor
2012,BIFA 2012,Best Supporting Actress,Olivia Colman,Hyde Park on Hudson,,1,https://en.wikipedia.org/wiki/BIFA_Award_for_Best_Supporting_Actress
2012,BIFA 2012,Best Supporting Actress,Ginger and Rosa,Rosa,,0,https://en.wikipedia.org/wiki/BIFA_Award_for_Best_Supporting_Actress
2012,BIFA 2012,Best Supporting Actress,Sightseers,Carol,,0,https://en.wikipedia.org/wiki/BIFA_Award_for_Best_Supporting_Actress
2012,BIFA 2012,Best Supporting Actress,Song for Marion,Marion,,0,https://en.wikipedia.org/wiki/BIFA_Award_for_Best_Supporting_Actress
2012,BIFA 2012,Best Supporting Actress,The Best Exotic Marigold Hotel,Muriel Donnelly,,0,https://en.wikipedia.org/wiki/BIFA_Award_for_Best_Supporting_Actress
2013,BIFA 2013,Best Actor,James McAvoy,Filth,,1,https://en.wikipedia.org/wiki/BIFA_Award_for_Best_Performance_by_an_Actor_in_a_British_Independent_Film
2013,BIFA 2013,Best Actor,Le Week-End,Nick Burrows,,0,https://en.wikipedia.org/wiki/BIFA_Award_for_Best_Performance_by_an_Actor_in_a_British_Independent_Film
2013,BIFA 2013,Best Actor,Locke,Ivan Locke,,0,https://en.wikipedia.org/wiki/BIFA_Award_for_Best_Performance_by_an_Actor_in_a_British_Independent_Film
2013,BIFA 2013,Best Actor,Philomena,Martin Sixsmith,,0,https://en.wikipedia.org/wiki/BIFA_Award_for_Best_Performance_by_an_Actor_in_a_British_Independent_Film
2013,BIFA 2013,Best Actor,Starred Up,Eric Love,,0,https://en.wikipedia.org/wiki/BIFA_Award_for_Best_Performance_by_an_Actor_in_a_British_Independent_Film
2013,BIFA 2013,Best Actress,Lindsay Duncan,Le Week-End,,1,https://en.wikipedia.org/wiki/BIFA_Award_for_Best_Performance_by_an_Actress_in_a_British_Independent_Film
2013,BIFA 2013,Best Actress,How I Live Now,Daisy,,0,https://en.wikipedia.org/wiki/BIFA_Award_for_Best_Performance_by_an_Actress_in_a_British_Independent_Film
2013,BIFA 2013,Best Actress,Philomena,Philomena Lee,,0,https://en.wikipedia.org/wiki/BIFA_Award_for_Best_Performance_by_an_Actress_in_a_British_Independent_Film
2013,BIFA 2013,Best Actress,The Invisible Woman,Nelly Ternan,,0,https://en.wikipedia.org/wiki/BIFA_Award_for_Best_Performance_by_an_Actress_in_a_British_Independent_Film
2013,BIFA 2013,Best Actress,Under the Skin,The Alien,,0,https://en.wikipedia.org/wiki/BIFA_Award_for_Best_Performance_by_an_Actress_in_a_British_Independent_Film
2013,BIFA 2013,Best British Independent Film,,Metro Manila,,1,https://en.wikipedia.org/wiki/BIFA_Award_for_Best_British_Independent_Film
2013,BIFA 2013,Best British Independent Film,,Stephen Frears,,0,https://en.wikipedia.org/wiki/BIFA_Award_for_Best_British_Independent_Film
2013,BIFA 2013,Best British Independent Film,,Clio Barnard,,0,https://en.wikipedia.org/wiki/BIFA_Award_for_Best_British_Independent_Film
2013,BIFA 2013,Best British Independent Film,,David Mackenzie,,0,https://en.wikipedia.org/wiki/BIFA_Award_for_Best_British_Independent_Film
2013,BIFA 2013,Best British Independent Film,,Roger Michell,,0,https://en.wikipedia.org/wiki/BIFA_Award_for_Best_British_Independent_Film
2013,BIFA 2013,Best Supporting Actor,Ben Mendelsohn,Starred Up,,1,https://en.wikipedia.org/wiki/BIFA_Award_for_Best_Supporting_Actor
2013,BIFA 2013,Best Supporting Actor,Filth,Clifford Blades,,0,https://en.wikipedia.org/wiki/BIFA_Award_for_Best_Supporting_Actor
2013,BIFA 2013,Best Supporting Actor,Le Week-End,Morgan,,0,https://en.wikipedia.org/wiki/BIFA_Award_for_Best_Supporting_Actor
2013,BIFA 2013,Best Supporting Actor,Metro Manila,Douglas Ong,,0,https://en.wikipedia.org/wiki/BIFA_Award_for_Best_Supporting_Actor
2013,BIFA 2013,Best Supporting Actor,Starred Up,Oliver Baumer,,0,https://en.wikipedia.org/wiki/BIFA_Award_for_Best_Supporting_Actor
2013,BIFA 2013,Best Supporting Actress,Imogen Poots,The Look of Love,,1,https://en.wikipedia.org/wiki/BIFA_Award_for_Best_Supporting_Actress
2013,BIFA 2013,Best Supporting Actress,Filth,Bunty Blades,,0,https://en.wikipedia.org/wiki/BIFA_Award_for_Best_Supporting_Actress
2013,BIFA 2013,Best Supporting Actress,The Double,Hannah,,0,https://en.wikipedia.org/wiki/BIFA_Award_for_Best_Supporting_Actress
2013,BIFA 2013,Best Supporting Actress,The Invisible Woman,Frances Ternan,,0,https://en.wikipedia.org/wiki/BIFA_Award_for_Best_Supporting_Actress
2013,BIFA 2013,Best Supporting Actress,The Selfish Giant,Mrs. Swift,,0,https://en.wikipedia.org/wiki/BIFA_Award_for_Best_Supporting_Actress
2014,BIFA 2014,Best Actor,Brendan Gleeson,Calvary,,1,https://en.wikipedia.org/wiki/BIFA_Award_for_Best_Performance_by_an_Actor_in_a_British_Independent_Film
2014,BIFA 2014,Best Actor,'71,Gary Hook,,0,https://en.wikipedia.org/wiki/BIFA_Award_for_Best_Performance_by_an_Actor_in_a_British_Independent_Film
2014,BIFA 2014,Best Actor,Mr. Turner,J. M. W. Turner,,0,https://en.wikipedia.org/wiki/BIFA_Award_for_Best_Performance_by_an_Actor_in_a_British_Independent_Film
2014,BIFA 2014,Best Actor,The Imitation Game,Alan Turing,,0,https://en.wikipedia.org/wiki/BIFA_Award_for_Best_Performance_by_an_Actor_in_a_British_Independent_Film
2014,BIFA 2014,Best Actor,X+Y,Nathan Ellis,,0,https://en.wikipedia.org/wiki/BIFA_Award_for_Best_Performance_by_an_Actor_in_a_British_Independent_Film
2014,BIFA 2014,Best Actress,Gugu Mbatha-Raw,Belle,,1,https://en.wikipedia.org/wiki/BIFA_Award_for_Best_Performance_by_an_Actress_in_a_British_Independent_Film
2014,BIFA 2014,Best Actress,Catch Me Daddy,Laila,,0,https://en.wikipedia.org/wiki/BIFA_Award_for_Best_Performance_by_an_Actress_in_a_British_Independent_Film
2014,BIFA 2014,Best Actress,Lilting,Junn,,0,https://en.wikipedia.org/wiki/BIFA_Award_for_Best_Performance_by_an_Actress_in_a_British_Independent_Film
2014,BIFA 2014,Best Actress,Testament of Youth,Vera Brittain,,0,https://en.wikipedia.org/wiki/BIFA_Award_for_Best_Performance_by_an_Actress_in_a_British_Independent_Film
2014,BIFA 2014,Best Actress,The Imitation Game,Joan Clarke,,0,https://en.wikipedia.org/wiki/BIFA_Award_for_Best_Performance_by_an_Actress_in_a_British_Independent_Film
2014,BIFA 2014,Best British Independent Film,,Pride,,1,https://en.wikipedia.org/wiki/BIFA_Award_for_Best_British_Independent_Film
2014,BIFA 2014,Best British Independent Film,,Yann Demange,,0,https://en.wikipedia.org/wiki/BIFA_Award_for_Best_British_Independent_Film
2014,BIFA 2014,Best British Independent Film,,John Michael McDonagh,,0,https://en.wikipedia.org/wiki/BIFA_Award_for_Best_British_Independent_Film
2014,BIFA 2014,Best British Independent Film,,Mike Leigh,,0,https://en.wikipedia.org/wiki/BIFA_Award_for_Best_British_Independent_Film
2014,BIFA 2014,Best British Independent Film,,Morten Tyldum,,0,https://en.wikipedia.org/wiki/BIFA_Award_for_Best_British_Independent_Film
2014,BIFA 2014,Best Supporting Actor,Andrew Scott,Pride,,1,https://en.wikipedia.org/wiki/BIFA_Award_for_Best_Supporting_Actor
2014,BIFA 2014,Best Supporting Actor,'71,Captain Sandy Brown,,0,https://en.wikipedia.org/wiki/BIFA_Award_for_Best_Supporting_Actor
2014,BIFA 2014,Best Supporting Actor,Frank,Frank,,0,https://en.wikipedia.org/wiki/BIFA_Award_for_Best_Supporting_Actor
2014,BIFA 2014,Best Supporting Actor,Pride,Mark Ashton,,0,https://en.wikipedia.org/wiki/BIFA_Award_for_Best_Supporting_Actor
2014,BIFA 2014,Best Supporting Actor,X+Y,Martin Humphreys,,0,https://en.wikipedia.org/wiki/BIFA_Award_for_Best_Supporting_Actor
2014,BIFA 2014,Best Supporting Actress,Imelda Staunton,Pride,,1,https://en.wikipedia.org/wiki/BIFA_Award_for_Best_Supporting_Actress
2014,BIFA 2014,Best Supporting Actress,Frank,Clara,,0,https://en.wikipedia.org/wiki/BIFA_Award_for_Best_Supporting_Actress
2014,BIFA 2014,Best Supporting Actress,Mr. Turner,Hannah Danby,,0,https://en.wikipedia.org/wiki/BIFA_Award_for_Best_Supporting_Actress
2014,BIFA 2014,Best Supporting Actress,The Goob,Janet Taylor,,0,https://en.wikipedia.org/wiki/BIFA_Award_for_Best_Supporting_Actress
2014,BIFA 2014,Best Supporting Actress,X+Y,Julie Ellis,,0,https://en.wikipedia.org/wiki/BIFA_Award_for_Best_Supporting_Actress
2015,BIFA 2015,Best Actor,Tom Hardy,Legend,,1,https://en.wikipedia.org/wiki/BIFA_Award_for_Best_Performance_by_an_Actor_in_a_British_Independent_Film
2015,BIFA 2015,Best Actor,45 Years,Geoff Mercer,,0,https://en.wikipedia.org/wiki/BIFA_Award_for_Best_Performance_by_an_Actor_in_a_British_Independent_Film
2015,BIFA 2015,Best Actor,High-Rise,Dr. Robert Laing,,0,https://en.wikipedia.org/wiki/BIFA_Award_for_Best_Performance_by_an_Actor_in_a_British_Independent_Film
2015,BIFA 2015,Best Actor,Macbeth,Macbeth,,0,https://en.wikipedia.org/wiki/BIFA_Award_for_Best_Performance_by_an_Actor_in_a_British_Independent_Film
2015,BIFA 2015,Best Actor,The Lobster,David,,0,https://en.wikipedia.org/wiki/BIFA_Award_for_Best_Performance_by_an_Actor_in_a_British_Independent_Film
2015,BIFA 2015,Best Actress,Saoirse Ronan,Brooklyn,,1,https://en.wikipedia.org/wiki/BIFA_Award_for_Best_Performance_by_an_Actress_in_a_British_Independent_Film
2015,BIFA 2015,Best Actress,45 Years,Kate Mercer,,0,https://en.wikipedia.org/wiki/BIFA_Award_for_Best_Performance_by_an_Actress_in_a_British_Independent_Film
2015,BIFA 2015,Best Actress,Macbeth,Lady Macbeth,,0,https://en.wikipedia.org/wiki/BIFA_Award_for_Best_Performance_by_an_Actress_in_a_British_Independent_Film
2015,BIFA 2015,Best Actress,Suffragette,Maud Watts,,0,https://en.wikipedia.org/wiki/BIFA_Award_for_Best_Performance_by_an_Actress_in_a_British_Independent_Film
2015,BIFA 2015,Best Actress,The Danish Girl,Gerda Wegener,,0,https://en.wikipedia.org/wiki/BIFA_Award_for_Best_Performance_by_an_Actress_in_a_British_Independent_Film
2015,BIFA 2015,Best British Independent Film,,Ex Machina,,1,https://en.wikipedia.org/wiki/BIFA_Award_for_Best_British_Independent_Film
2015,BIFA 2015,Best British Independent Film,,Asif Kapadia,,0,https://en.wikipedia.org/wiki/BIFA_Award_for_Best_British_Independent_Film
2015,BIFA 2015,Best British Independent Film,,Andrew Haigh,,0,https://en.wikipedia.org/wiki/BIFA_Award_for_Best_British_Independent_Film
2015,BIFA 2015,Best British Independent Film,,Yorgos Lanthimos,,0,https://en.wikipedia.org/wiki/BIFA_Award_for_Best_British_Independent_Film
2015,BIFA 2015,Best British Independent Film,,Justin Kurzel,,0,https://en.wikipedia.org/wiki/BIFA_Award_for_Best_British_Independent_Film
2015,BIFA 2015,Best Supporting Actor,Brendan Gleeson,Suffragette,,1,https://en.wikipedia.org/wiki/BIFA_Award_for_Best_Supporting_Actor
2015,BIFA 2015,Best Supporting Actor,Brooklyn,Jim Farrell,,0,https://en.wikipedia.org/wiki/BIFA_Award_for_Best_Supporting_Actor
2015,BIFA 2015,Best Supporting Actor,High-Rise,Richard Wilder,,0,https://en.wikipedia.org/wiki/BIFA_Award_for_Best_Supporting_Actor
2015,BIFA 2015,Best Supporting Actor,Macbeth,Macduff,,0,https://en.wikipedia.org/wiki/BIFA_Award_for_Best_Supporting_Actor
2015,BIFA 2015,Best Supporting Actor,The Lobster,The Limping Man,,0,https://en.wikipedia.org/wiki/BIFA_Award_for_Best_Supporting_Actor
2015,BIFA 2015,Best Supporting Actress,Olivia Colman,The Lobster,,1,https://en.wikipedia.org/wiki/BIFA_Award_for_Best_Supporting_Actress
2015,BIFA 2015,Best Supporting Actress,Brooklyn,Madge Kehoe,,0,https://en.wikipedia.org/wiki/BIFA_Award_for_Best_Supporting_Actress
2015,BIFA 2015,Best Supporting Actress,High-Rise,Charlotte Melville,,0,https://en.wikipedia.org/wiki/BIFA_Award_for_Best_Supporting_Actress
2015,BIFA 2015,Best Supporting Actress,Suffragette,Edith Ellyn,,0,https://en.wikipedia.org/wiki/BIFA_Award_for_Best_Supporting_Actress
2015,BIFA 2015,Best Supporting Actress,Violet Miller,Violet Miller,,0,https://en.wikipedia.org/wiki/BIFA_Award_for_Best_Supporting_Actress
2016,BIFA 2016,Best Actor,Dave Johns,"I, Daniel Blake",,1,https://en.wikipedia.org/wiki/BIFA_Award_for_Best_Performance_by_an_Actor_in_a_British_Independent_Film
2016,BIFA 2016,Best Actor,American Honey,Jake,,0,https://en.wikipedia.org/wiki/BIFA_Award_for_Best_Performance_by_an_Actor_in_a_British_Independent_Film
2016,BIFA 2016,Best Actor,I Am Not a Serial Killer,John Wayne Cleaver,,0,https://en.wikipedia.org/wiki/BIFA_Award_for_Best_Performance_by_an_Actor_in_a_British_Independent_Film
2016,BIFA 2016,Best Actor,My Feral Heart,Luke,,0,https://en.wikipedia.org/wiki/BIFA_Award_for_Best_Performance_by_an_Actor_in_a_British_Independent_Film
2016,BIFA 2016,Best Actor,Trespass Against Us,Chad Cutler,,0,https://en.wikipedia.org/wiki/BIFA_Award_for_Best_Performance_by_an_Actor_in_a_British_Independent_Film
2016,BIFA 2016,Best Actress,Sasha Lane,American Honey,,1,https://en.wikipedia.org/wiki/BIFA_Award_for_Best_Performance_by_an_Actress_in_a_British_Independent_Film
2016,BIFA 2016,Best Actress,Adult Life Skills,Anna,,0,https://en.wikipedia.org/wiki/BIFA_Award_for_Best_Performance_by_an_Actress_in_a_British_Independent_Film
2016,BIFA 2016,Best Actress,Couple in a Hole,Karen,,0,https://en.wikipedia.org/wiki/BIFA_Award_for_Best_Performance_by_an_Actress_in_a_British_Independent_Film
2016,BIFA 2016,Best Actress,"I, Daniel Blake",Katie Morgan,,0,https://en.wikipedia.org/wiki/BIFA_Award_for_Best_Performance_by_an_Actress_in_a_British_Independent_Film
2016,BIFA 2016,Best Actress,Under the Shadow,Shideh,,0,https://en.wikipedia.org/wiki/BIFA_Award_for_Best_Performance_by_an_Actress_in_a_British_Independent_Film
2016,BIFA 2016,Best British Independent Film,,American Honey,,1,https://en.wikipedia.org/wiki/BIFA_Award_for_Best_British_Independent_Film
2016,BIFA 2016,Best British Independent Film,,Tom Geens,,0,https://en.wikipedia.org/wiki/BIFA_Award_for_Best_British_Independent_Film
2016,BIFA 2016,Best British Independent Film,,Ken Loach,,0,https://en.wikipedia.org/wiki/BIFA_Award_for_Best_British_Independent_Film
2016,BIFA 2016,Best British Independent Film,,James Spinney and Peter Middleton,,0,https://en.wikipedia.org/wiki/BIFA_Award_for_Best_British_Independent_Film
2016,BIFA 2016,Best British Independent Film,,Babak Anvari,,0,https://en.wikipedia.org/wiki/BIFA_Award_for_Best_British_Independent_Film
2016,BIFA 2016,Best Supporting Actor,Brett Goldstein,Adult Life Skills,,1,https://en.wikipedia.org/wiki/BIFA_Award_for_Best_Supporting_Actor
2016,BIFA 2016,Best Supporting Actor,Anthropoid,Jan Kubiš,,0,https://en.wikipedia.org/wiki/BIFA_Award_for_Best_Supporting_Actor
2016,BIFA 2016,Best Supporting Actor,I Am Not a Serial Killer,Bill Crowley,,0,https://en.wikipedia.org/wiki/BIFA_Award_for_Best_Supporting_Actor
2016,BIFA 2016,Best Supporting Actor,The Pass,Ade,,0,https://en.wikipedia.org/wiki/BIFA_Award_for_Best_Supporting_Actor
2016,BIFA 2016,Best Supporting Actor,Trespass Against Us,Gordon Bennett,,0,https://en.wikipedia.org/wiki/BIFA_Award_for_Best_Supporting_Actor
2016,BIFA 2016,Best Supporting Actress,Avin Manshadi,Under the Shadow,,1,https://en.wikipedia.org/wiki/BIFA_Award_for_Best_Supporting_Actress
2016,BIFA 2016,Best Supporting Actress,A United Kingdom,Naledi Khama,,0,https://en.wikipedia.org/wiki/BIFA_Award_for_Best_Supporting_Actress
2016,BIFA 2016,Best Supporting Actress,My Feral Heart,Eve,,0,https://en.wikipedia.org/wiki/BIFA_Award_for_Best_Supporting_Actress
2016,BIFA 2016,Best Supporting Actress,Our Kind of Traitor,Gail Perkins,,0,https://en.wikipedia.org/wiki/BIFA_Award_for_Best_Supporting_Actress
2016,BIFA 2016,Best Supporting Actress,The Girl with All the Gifts,Helen Justineau,,0,https://en.wikipedia.org/wiki/BIFA_Award_for_Best_Supporting_Actress
2017,BIFA 2017,Best Actor,Josh O'Connor,God's Own Country,,1,https://en.wikipedia.org/wiki/BIFA_Award_for_Best_Performance_by_an_Actor_in_a_British_Independent_Film
2017,BIFA 2017,Best Actor,Film Stars Don't Die in Liverpool,Peter Turner,,0,https://en.wikipedia.org/wiki/BIFA_Award_for_Best_Performance_by_an_Actor_in_a_British_Independent_Film
2017,BIFA 2017,Best Actor,God's Own Country,Gheorghe Ionescu,,0,https://en.wikipedia.org/wiki/BIFA_Award_for_Best_Performance_by_an_Actor_in_a_British_Independent_Film
2017,BIFA 2017,Best Actor,Jawbone,Jimmy McCabe,,0,https://en.wikipedia.org/wiki/BIFA_Award_for_Best_Performance_by_an_Actor_in_a_British_Independent_Film
2017,BIFA 2017,Best Actor,Journeyman,Matty Burton,,0,https://en.wikipedia.org/wiki/BIFA_Award_for_Best_Performance_by_an_Actor_in_a_British_Independent_Film
2017,BIFA 2017,Best Actress,Florence Pugh,Lady Macbeth,,1,https://en.wikipedia.org/wiki/BIFA_Award_for_Best_Performance_by_an_Actress_in_a_British_Independent_Film
2017,BIFA 2017,Best Actress,Daphne,Daphne,,0,https://en.wikipedia.org/wiki/BIFA_Award_for_Best_Performance_by_an_Actress_in_a_British_Independent_Film
2017,BIFA 2017,Best Actress,Dark River,Alice,,0,https://en.wikipedia.org/wiki/BIFA_Award_for_Best_Performance_by_an_Actress_in_a_British_Independent_Film
2017,BIFA 2017,Best Actress,I Am Not a Witch,Shula,,0,https://en.wikipedia.org/wiki/BIFA_Award_for_Best_Performance_by_an_Actress_in_a_British_Independent_Film
2017,BIFA 2017,Best Actress,"Three Billboards Outside Ebbing, Missouri",Mildred Hayes,,0,https://en.wikipedia.org/wiki/BIFA_Award_for_Best_Performance_by_an_Actress_in_a_British_Independent_Film
2017,BIFA 2017,Best British Independent Film,,God's Own Country,,1,https://en.wikipedia.org/wiki/BIFA_Award_for_Best_British_Independent_Film
2017,BIFA 2017,Best British Independent Film,,Armando Iannucci,,0,https://en.wikipedia.org/wiki/BIFA_Award_for_Best_British_Independent_Film
2017,BIFA 2017,Best British Independent Film,,Rungano Nyoni,,0,https://en.wikipedia.org/wiki/BIFA_Award_for_Best_British_Independent_Film
2017,BIFA 2017,Best British Independent Film,,William Oldroyd,,0,https://en.wikipedia.org/wiki/BIFA_Award_for_Best_British_Independent_Film
2017,BIFA 2017,Best British Independent Film,,Martin McDonagh,,0,https://en.wikipedia.org/wiki/BIFA_Award_for_Best_British_Independent_Film
2017,BIFA 2017,Best Supporting Actor,Simon Russell Beale,The Death of Stalin,,1,https://en.wikipedia.org/wiki/BIFA_Award_for_Best_Supporting_Actor
2017,BIFA 2017,Best Supporting Actor,God's Own Country,Martin Saxby,,0,https://en.wikipedia.org/wiki/BIFA_Award_for_Best_Supporting_Actor
2017,BIFA 2017,Best Supporting Actor,The Death of Stalin,Nikita Khrushchev,,0,https://en.wikipedia.org/wiki/BIFA_Award_for_Best_Supporting_Actor
2017,BIFA 2017,Best Supporting Actor,"Three Billboards Outside Ebbing, Missouri",Bill Willoughby,,0,https://en.wikipedia.org/wiki/BIFA_Award_for_Best_Supporting_Actor
2017,BIFA 2017,Best Supporting Actor,"Three Billboards Outside Ebbing, Missouri",Jason Dixon,,0,https://en.wikipedia.org/wiki/BIFA_Award_for_Best_Supporting_Actor
2017,BIFA 2017,Best Supporting Actress,Patricia Clarkson,The Party,,1,https://en.wikipedia.org/wiki/BIFA_Award_for_Best_Supporting_Actress
2017,BIFA 2017,Best Supporting Actress,Film Stars Don't Die in Liverpool,Bella Turner,,0,https://en.wikipedia.org/wiki/BIFA_Award_for_Best_Supporting_Actress
2017,BIFA 2017,Best Supporting Actress,Goodbye Christopher Robin,Olive,,0,https://en.wikipedia.org/wiki/BIFA_Award_for_Best_Supporting_Actress
2017,BIFA 2017,Best Supporting Actress,Lady Macbeth,Anna,,0,https://en.wikipedia.org/wiki/BIFA_Award_for_Best_Supporting_Actress
2017,BIFA 2017,Best Supporting Actress,The Death of Stalin,Svetlana Stalin,,0,https://en.wikipedia.org/wiki/BIFA_Award_for_Best_Supporting_Actress
2018,BIFA 2018,Best Actor,Joe Cole,A Prayer Before Dawn,,1,https://en.wikipedia.org/wiki/BIFA_Award_for_Best_Performance_by_an_Actor_in_a_British_Independent_Film
2018,BIFA 2018,Best Actor,Lean on Pete,Charley Thompson,,0,https://en.wikipedia.org/wiki/BIFA_Award_for_Best_Performance_by_an_Actor_in_a_British_Independent_Film
2018,BIFA 2018,Best Actor,Stan & Ollie,Stan Laurel,,0,https://en.wikipedia.org/wiki/BIFA_Award_for_Best_Performance_by_an_Actor_in_a_British_Independent_Film
2018,BIFA 2018,Best Actor,The Happy Prince,Oscar Wilde,,0,https://en.wikipedia.org/wiki/BIFA_Award_for_Best_Performance_by_an_Actor_in_a_British_Independent_Film
2018,BIFA 2018,Best Actor,You Were Never Really Here,Joe,,0,https://en.wikipedia.org/wiki/BIFA_Award_for_Best_Performance_by_an_Actor_in_a_British_Independent_Film
2018,BIFA 2018,Best Actress,Olivia Colman,The Favourite,,1,https://en.wikipedia.org/wiki/BIFA_Award_for_Best_Performance_by_an_Actress_in_a_British_Independent_Film
2018,BIFA 2018,Best Actress,Beast,Moll,,0,https://en.wikipedia.org/wiki/BIFA_Award_for_Best_Performance_by_an_Actress_in_a_British_Independent_Film
2018,BIFA 2018,Best Actress,Disobedience,Ronit Krushka,,0,https://en.wikipedia.org/wiki/BIFA_Award_for_Best_Performance_by_an_Actress_in_a_British_Independent_Film
2018,BIFA 2018,Best Actress,Funny Cow,Funny Cow,,0,https://en.wikipedia.org/wiki/BIFA_Award_for_Best_Performance_by_an_Actress_in_a_British_Independent_Film
2018,BIFA 2018,Best Actress,The Escape,Tara,,0,https://en.wikipedia.org/wiki/BIFA_Award_for_Best_Performance_by_an_Actress_in_a_British_Independent_Film
2018,BIFA 2018,Best British Independent Film,,The Favourite,,1,https://en.wikipedia.org/wiki/BIFA_Award_for_Best_British_Independent_Film
2018,BIFA 2018,Best British Independent Film,,"Bart Layton, Katherine Butler, Dimitri Doganis, Derrin Schlesinger and Mary Jane Skalski",,0,https://en.wikipedia.org/wiki/BIFA_Award_for_Best_British_Independent_Film
2018,BIFA 2018,Best British Independent Film,,"Michael Pearce, Kristian Brodie, Lauren Dark and Ivana Mackinnon",,0,https://en.wikipedia.org/wiki/BIFA_Award_for_Best_British_Independent_Film
2018,BIFA 2018,Best British Independent Film,,"Sebastián Lelio, Rebecca Lenkiewicz, Ed Guiney, Frida Torresblanco and Rachel Weisz",,0,https://en.wikipedia.org/wiki/BIFA_Award_for_Best_British_Independent_Film
2018,BIFA 2018,Best British Independent Film,,"Lynne Ramsay, Pascal Caucheteux, Rosa Attab, James Wilson and Rebecca O'Brien",,0,https://en.wikipedia.org/wiki/BIFA_Award_for_Best_British_Independent_Film
2018,BIFA 2018,Best Supporting Actor,Alessandro Nivola,Disobedience,,1,https://en.wikipedia.org/wiki/BIFA_Award_for_Best_Supporting_Actor
2018,BIFA 2018,Best Supporting Actor,American Animals,Spencer Reinhard,,0,https://en.wikipedia.org/wiki/BIFA_Award_for_Best_Supporting_Actor
2018,BIFA 2018,Best Supporting Actor,Colette,Henry Gauthier-Villars,,0,https://en.wikipedia.org/wiki/BIFA_Award_for_Best_Supporting_Actor
2018,BIFA 2018,Best Supporting Actor,Lean on Pete,Del Montgomery,,0,https://en.wikipedia.org/wiki/BIFA_Award_for_Best_Supporting_Actor
2018,BIFA 2018,Best Supporting Actor,Warren Lipka,Warren Lipka,,0,https://en.wikipedia.org/wiki/BIFA_Award_for_Best_Supporting_Actor
2018,BIFA 2018,Best Supporting Actress,Rachel Weisz,The Favourite,,1,https://en.wikipedia.org/wiki/BIFA_Award_for_Best_Supporting_Actress
2018,BIFA 2018,Best Supporting Actress,Apostasy,Alex,,0,https://en.wikipedia.org/wiki/BIFA_Award_for_Best_Supporting_Actress
2018,BIFA 2018,Best Supporting Actress,Disobedience,Esti Kuperman,,0,https://en.wikipedia.org/wiki/BIFA_Award_for_Best_Supporting_Actress
2018,BIFA 2018,Best Supporting Actress,Stan & Ollie,Ida Kitaeva Laurel,,0,https://en.wikipedia.org/wiki/BIFA_Award_for_Best_Supporting_Actress
2018,BIFA 2018,Best Supporting Actress,The Favourite,Abigail,,0,https://en.wikipedia.org/wiki/BIFA_Award_for_Best_Supporting_Actress
2019,BIFA 2019,Best Actor,Josh O'Connor,Only You,,1,https://en.wikipedia.org/wiki/BIFA_Award_for_Best_Performance_by_an_Actor_in_a_British_Independent_Film
2019,BIFA 2019,Best Actor,Sorry We Missed You,Ricky Turner,,0,https://en.wikipedia.org/wiki/BIFA_Award_for_Best_Performance_by_an_Actor_in_a_British_Independent_Film
2019,BIFA 2019,Best Actor,The Last Tree,Femi,,0,https://en.wikipedia.org/wiki/BIFA_Award_for_Best_Performance_by_an_Actor_in_a_British_Independent_Film
2019,BIFA 2019,Best Actor,The Personal History of David Copperfield,David Copperfield,,0,https://en.wikipedia.org/wiki/BIFA_Award_for_Best_Performance_by_an_Actor_in_a_British_Independent_Film
2019,BIFA 2019,Best Actor,The Souvenir,Anthony,,0,https://en.wikipedia.org/wiki/BIFA_Award_for_Best_Performance_by_an_Actor_in_a_British_Independent_Film
2019,BIFA 2019,Best Actress,Renée Zellweger,Judy,,1,https://en.wikipedia.org/wiki/BIFA_Award_for_Best_Performance_by_an_Actress_in_a_British_Independent_Film
2019,BIFA 2019,Best Actress,Animals,Laura,,0,https://en.wikipedia.org/wiki/BIFA_Award_for_Best_Performance_by_an_Actress_in_a_British_Independent_Film
2019,BIFA 2019,Best Actress,Dirty God,Jade,,0,https://en.wikipedia.org/wiki/BIFA_Award_for_Best_Performance_by_an_Actress_in_a_British_Independent_Film
2019,BIFA 2019,Best Actress,Eternal Beauty,June,,0,https://en.wikipedia.org/wiki/BIFA_Award_for_Best_Performance_by_an_Actress_in_a_British_Independent_Film
2019,BIFA 2019,Best Actress,Wild Rose,Rose-Lynn Harlan,,0,https://en.wikipedia.org/wiki/BIFA_Award_for_Best_Performance_by_an_Actress_in_a_British_Independent_Film
2019,BIFA 2019,Best British Independent Film,,For Sama,,1,https://en.wikipedia.org/wiki/BIFA_Award_for_Best_British_Independent_Film
2019,BIFA 2019,Best British Independent Film,,Mark Jenkin,,0,https://en.wikipedia.org/wiki/BIFA_Award_for_Best_British_Independent_Film
2019,BIFA 2019,Best British Independent Film,,Armando Iannucci,,0,https://en.wikipedia.org/wiki/BIFA_Award_for_Best_British_Independent_Film
2019,BIFA 2019,Best British Independent Film,,Joanna Hogg,,0,https://en.wikipedia.org/wiki/BIFA_Award_for_Best_British_Independent_Film
2019,BIFA 2019,Best British Independent Film,,Tom Harper,,0,https://en.wikipedia.org/wiki/BIFA_Award_for_Best_British_Independent_Film
2019,BIFA 2019,Best Supporting Actor,Hugh Laurie,The Personal History of David Copperfield,,1,https://en.wikipedia.org/wiki/BIFA_Award_for_Best_Supporting_Actor
2019,BIFA 2019,Best Supporting Actor,Dirty God,Naz,,0,https://en.wikipedia.org/wiki/BIFA_Award_for_Best_Supporting_Actor
2019,BIFA 2019,Best Supporting Actor,The Boy Who Harnessed the Wind,Trywell Kamkwamba,,0,https://en.wikipedia.org/wiki/BIFA_Award_for_Best_Supporting_Actor
2019,BIFA 2019,Best Supporting Actor,The Vanishing,Thomas Marshall,,0,https://en.wikipedia.org/wiki/BIFA_Award_for_Best_Supporting_Actor
2019,BIFA 2019,Best Supporting Actor,Yuli: The Carlos Acosta Story,Young Carlos Acosta,,0,https://en.wikipedia.org/wiki/BIFA_Award_for_Best_Supporting_Actor
2019,BIFA 2019,Best Supporting Actress,Ruthxjiah Bellenea,The Last Tree,,1,https://en.wikipedia.org/wiki/BIFA_Award_for_Best_Supporting_Actress
2019,BIFA 2019,Best Supporting Actress,Scarborough,Beth,,0,https://en.wikipedia.org/wiki/BIFA_Award_for_Best_Supporting_Actress
2019,BIFA 2019,Best Supporting Actress,The Personal History of David Copperfield,Betsey Trotwood,,0,https://en.wikipedia.org/wiki/BIFA_Award_for_Best_Supporting_Actress
2019,BIFA 2019,Best Supporting Actress,Vita and Virginia,Virginia Woolf,,0,https://en.wikipedia.org/wiki/BIFA_Award_for_Best_Supporting_Actress
2019,BIFA 2019,Best Supporting Actress,Wild Rose,Marion Harlan,,0,https://en.wikipedia.org/wiki/BIFA_Award_for_Best_Supporting_Actress
2020,BIFA 2020,Best Actor,Anthony Hopkins,The Father,,1,https://en.wikipedia.org/wiki/BIFA_Award_for_Best_Performance_by_an_Actor_in_a_British_Independent_Film
2020,BIFA 2020,Best Actor,Calm with Horses,Douglas,,0,https://en.wikipedia.org/wiki/BIFA_Award_for_Best_Performance_by_an_Actor_in_a_British_Independent_Film
2020,BIFA 2020,Best Actor,His House,Bol,,0,https://en.wikipedia.org/wiki/BIFA_Award_for_Best_Performance_by_an_Actor_in_a_British_Independent_Film
2020,BIFA 2020,Best Actor,Limbo,Omarr,,0,https://en.wikipedia.org/wiki/BIFA_Award_for_Best_Performance_by_an_Actor_in_a_British_Independent_Film
2020,BIFA 2020,Best Actor,Mogul Mowgli,Zed,,0,https://en.wikipedia.org/wiki/BIFA_Award_for_Best_Performance_by_an_Actor_in_a_British_Independent_Film
2020,BIFA 2020,Best Actress,Wunmi Mosaku,His House,,1,https://en.wikipedia.org/wiki/BIFA_Award_for_Best_Performance_by_an_Actress_in_a_British_Independent_Film
2020,BIFA 2020,Best Actress,Her Self,Sandra,,0,https://en.wikipedia.org/wiki/BIFA_Award_for_Best_Performance_by_an_Actress_in_a_British_Independent_Film
2020,BIFA 2020,Best Actress,Luxor,Hana,,0,https://en.wikipedia.org/wiki/BIFA_Award_for_Best_Performance_by_an_Actress_in_a_British_Independent_Film
2020,BIFA 2020,Best Actress,Rocks,"Olushola ""Rocks"" Omotoso",,0,https://en.wikipedia.org/wiki/BIFA_Award_for_Best_Performance_by_an_Actress_in_a_British_Independent_Film
2020,BIFA 2020,Best Actress,Saint Maud,Maud,,0,https://en.wikipedia.org/wiki/BIFA_Award_for_Best_Performance_by_an_Actress_in_a_British_Independent_Film
2020,BIFA 2020,Best British Independent Film,,Rocks,,1,https://en.wikipedia.org/wiki/BIFA_Award_for_Best_British_Independent_Film
2020,BIFA 2020,Best British Independent Film,,"Nick Rowland, Joe Murtagh and Daniel Emmerson",,0,https://en.wikipedia.org/wiki/BIFA_Award_for_Best_British_Independent_Film
2020,BIFA 2020,Best British Independent Film,,"Florian Zeller, Christopher Hampton, David Parfitt, Jean-Louis Livi and Philippe Carcassonne",,0,https://en.wikipedia.org/wiki/BIFA_Award_for_Best_British_Independent_Film
2020,BIFA 2020,Best British Independent Film,,"Remi Weekes, Aidan Elliott, Martin Gentles, Arnon Milchan, Edward King and Roy Lee",,0,https://en.wikipedia.org/wiki/BIFA_Award_for_Best_British_Independent_Film
2020,BIFA 2020,Best British Independent Film,,"Rose Glass, Andrea Cornwell and Oliver Kassman",,0,https://en.wikipedia.org/wiki/BIFA_Award_for_Best_British_Independent_Film
2020,BIFA 2020,Best Supporting Actor,D'angelou Osei Kissiedu,Rocks,,1,https://en.wikipedia.org/wiki/BIFA_Award_for_Best_Supporting_Actor
2020,BIFA 2020,Best Supporting Actor,Calm with Horses,Dymphna,,0,https://en.wikipedia.org/wiki/BIFA_Award_for_Best_Supporting_Actor
2020,BIFA 2020,Best Supporting Actor,County Lines,Simon,,0,https://en.wikipedia.org/wiki/BIFA_Award_for_Best_Supporting_Actor
2020,BIFA 2020,Best Supporting Actor,Mogul Mowgli,Bashir,,0,https://en.wikipedia.org/wiki/BIFA_Award_for_Best_Supporting_Actor
2020,BIFA 2020,Best Supporting Actor,The Courier,Oleg Penkovsky,,0,https://en.wikipedia.org/wiki/BIFA_Award_for_Best_Supporting_Actor
2020,BIFA 2020,Best Supporting Actress,Kosar Ali,Rocks,,1,https://en.wikipedia.org/wiki/BIFA_Award_for_Best_Supporting_Actress
2020,BIFA 2020,Best Supporting Actress,Calm with Horses,Ursula,,0,https://en.wikipedia.org/wiki/BIFA_Award_for_Best_Supporting_Actress
2020,BIFA 2020,Best Supporting Actress,County Lines,Tony,,0,https://en.wikipedia.org/wiki/BIFA_Award_for_Best_Supporting_Actress
2020,BIFA 2020,Best Supporting Actress,Kindred,Margaret,,0,https://en.wikipedia.org/wiki/BIFA_Award_for_Best_Supporting_Actress
2020,BIFA 2020,Best Supporting Actress,Saint Maud,Amanda,,0,https://en.wikipedia.org/wiki/BIFA_Award_for_Best_Supporting_Actress
2021,BIFA 2021,Best Actor,Adeel Akhtar,Ali & Ava,,1,https://en.wikipedia.org/wiki/BIFA_Award_for_Best_Performance_by_an_Actor_in_a_British_Independent_Film
2021,BIFA 2021,Best Actor,Boiling Point,Andy Jones,,0,https://en.wikipedia.org/wiki/BIFA_Award_for_Best_Performance_by_an_Actor_in_a_British_Independent_Film
2021,BIFA 2021,Best Actor,Encounter,Malik Kahn,,0,https://en.wikipedia.org/wiki/BIFA_Award_for_Best_Performance_by_an_Actor_in_a_British_Independent_Film
2021,BIFA 2021,Best Actor,Nowhere Special,John,,0,https://en.wikipedia.org/wiki/BIFA_Award_for_Best_Performance_by_an_Actor_in_a_British_Independent_Film
2021,BIFA 2021,Best Actor,The Nest,Rory O'Hara,,0,https://en.wikipedia.org/wiki/BIFA_Award_for_Best_Performance_by_an_Actor_in_a_British_Independent_Film
2021,BIFA 2021,Best Actress,Joanna Scanlan,After Love,,1,https://en.wikipedia.org/wiki/BIFA_Award_for_Best_Performance_by_an_Actress_in_a_British_Independent_Film
2021,BIFA 2021,Best Actress,Ali & Ava,Ava,,0,https://en.wikipedia.org/wiki/BIFA_Award_for_Best_Performance_by_an_Actress_in_a_British_Independent_Film
2021,BIFA 2021,Best Actress,Belfast,Ma,,0,https://en.wikipedia.org/wiki/BIFA_Award_for_Best_Performance_by_an_Actress_in_a_British_Independent_Film
2021,BIFA 2021,Best Actress,The Nest,Allison O'Hara,,0,https://en.wikipedia.org/wiki/BIFA_Award_for_Best_Performance_by_an_Actress_in_a_British_Independent_Film
2021,BIFA 2021,Best Actress,True Things,Kate,,0,https://en.wikipedia.org/wiki/BIFA_Award_for_Best_Performance_by_an_Actress_in_a_British_Independent_Film
2021,BIFA 2021,Best British Independent Film,,After Love,,1,https://en.wikipedia.org/wiki/BIFA_Award_for_Best_British_Independent_Film
2021,BIFA 2021,Best British Independent Film,,Clio Barnard and Tracy O'Riordan,,0,https://en.wikipedia.org/wiki/BIFA_Award_for_Best_British_Independent_Film
2021,BIFA 2021,Best British Independent Film,,"Philip Barantini, James Cummings, Bart Ruspoli and Hester Ruoff",,0,https://en.wikipedia.org/wiki/BIFA_Award_for_Best_British_Independent_Film
2021,BIFA 2021,Best British Independent Film,,"Sean Durkin, Ed Guiney, Derrin Schlesinger, Rose Garnett, Amy Jackson and Christina Piovesan",,0,https://en.wikipedia.org/wiki/BIFA_Award_for_Best_British_Independent_Film
2021,BIFA 2021,Best British Independent Film,,"Joanna Hogg, Ed Guiney, Emma Norton, Andrew Lowe and Luke Schiller",,0,https://en.wikipedia.org/wiki/BIFA_Award_for_Best_British_Independent_Film
2021,BIFA 2021,Best Supporting Actor,Talid Ariss,After Love,,1,https://en.wikipedia.org/wiki/BIFA_Award_for_Best_Supporting_Actor
2021,BIFA 2021,Best Supporting Actor,Belfast,Pop,,0,https://en.wikipedia.org/wiki/BIFA_Award_for_Best_Supporting_Actor
2021,BIFA 2021,Best Supporting Actor,Boiling Point,Freeman,,0,https://en.wikipedia.org/wiki/BIFA_Award_for_Best_Supporting_Actor
2021,BIFA 2021,Best Supporting Actor,Encounter,Jay Kahn,,0,https://en.wikipedia.org/wiki/BIFA_Award_for_Best_Supporting_Actor
2021,BIFA 2021,Best Supporting Actor,The Souvenir Part II,Patrick,,0,https://en.wikipedia.org/wiki/BIFA_Award_for_Best_Supporting_Actor
2021,BIFA 2021,Best Supporting Actress,Vinette Robinson,Boiling Point,,1,https://en.wikipedia.org/wiki/BIFA_Award_for_Best_Supporting_Actress
2021,BIFA 2021,Best Supporting Actress,After Love,Genevieve,,0,https://en.wikipedia.org/wiki/BIFA_Award_for_Best_Supporting_Actress
2021,BIFA 2021,Best Supporting Actress,Belfast,Buddy's grandmother,,0,https://en.wikipedia.org/wiki/BIFA_Award_for_Best_Supporting_Actress
2021,BIFA 2021,Best Supporting Actress,Sweetheart,Tina,,0,https://en.wikipedia.org/wiki/BIFA_Award_for_Best_Supporting_Actress
2021,BIFA 2021,Best Supporting Actress,The Souvenir Part II,Rosalind,,0,https://en.wikipedia.org/wiki/BIFA_Award_for_Best_Supporting_Actress
2022,BIFA 2022,Best British Independent Film,,Aftersun,,1,https://en.wikipedia.org/wiki/BIFA_Award_for_Best_British_Independent_Film
2022,BIFA 2022,Best British Independent Film,,Georgia Oakley and Hélène Sifre,,0,https://en.wikipedia.org/wiki/BIFA_Award_for_Best_British_Independent_Film
2022,BIFA 2022,Best British Independent Film,,"Sophie Hyde, Katy Brand, Debbie Gray and Adrian Politowski",,0,https://en.wikipedia.org/wiki/BIFA_Award_for_Best_British_Independent_Film
2022,BIFA 2022,Best British Independent Film,,"Oliver Hermanus, Kazuo Ishiguro, Stephen Woolley and Elizabeth Karlsen",,0,https://en.wikipedia.org/wiki/BIFA_Award_for_Best_British_Independent_Film
2022,BIFA 2022,Best British Independent Film,,"Sebastián Lelio, Emma Donoghue, Alice Birch, Juliette Howell, Andrew Lowe, Tessa Ross and Ed Guiney",,0,https://en.wikipedia.org/wiki/BIFA_Award_for_Best_British_Independent_Film
2023,BIFA 2023,Best British Independent Film,,All of Us Strangers,,1,https://en.wikipedia.org/wiki/BIFA_Award_for_Best_British_Independent_Film
2023,BIFA 2023,Best British Independent Film,,"Sam H. Freeman, Ng Choon Ping, Myles Payne and Sam Ritzenberg",,0,https://en.wikipedia.org/wiki/BIFA_Award_for_Best_British_Independent_Film
2023,BIFA 2023,Best British Independent Film,,"Molly Manning Walker, Ivana MacKinnon, Emily Leo and Konstantinos Kontovrakis",,0,https://en.wikipedia.org/wiki/BIFA_Award_for_Best_British_Independent_Film
2023,BIFA 2023,Best British Independent Film,,"Raine Allen-Miller, Nathan Bryon, Tom Melia, Yvonne Isimeme Ibazebo and Damian Jones",,0,https://en.wikipedia.org/wiki/BIFA_Award_for_Best_British_Independent_Film
2023,BIFA 2023,Best British Independent Film,,Charlotte Regan and Theo Barrowclough,,0,https://en.wikipedia.org/wiki/BIFA_Award_for_Best_British_Independent_Film
2024,BIFA 2024,Best British Independent Film,,Kneecap,,1,https://en.wikipedia.org/wiki/BIFA_Award_for_Best_British_Independent_Film
2024,BIFA 2024,Best British Independent Film,,"Rose Glass, Weronika Tofilska, Andrea Cornwell and Oliver Kassman",,0,https://en.wikipedia.org/wiki/BIFA_Award_for_Best_British_Independent_Film
2024,BIFA 2024,Best British Independent Film,,"Rungano Nyoni, Tim Cole, Ed Guiney and Andrew Lowe",,0,https://en.wikipedia.org/wiki/BIFA_Award_for_Best_British_Independent_Film
2024,BIFA 2024,Best British Independent Film,,"Nora Fingscheidt, Amy Liptrot, Sarah Brocklehurst, Dominic Norris, Jack Lowden and Saoirse Ronan",,0,https://en.wikipedia.org/wiki/BIFA_Award_for_Best_British_Independent_Film
2024,BIFA 2024,Best British Independent Film,,"Sandhya Suri, Mike Goodridge, James Bowsher, Balthazar de Ganay and Alan McAlex",,0,https://en.wikipedia.org/wiki/BIFA_Award_for_Best_British_Independent_Film
2025,BIFA 2025,Best British Independent Film,,Pillion,,1,https://en.wikipedia.org/wiki/BIFA_Award_for_Best_British_Independent_Film
2025,BIFA 2025,Best British Independent Film,,"James Griffiths, Tom Basden, Tim Key and Rupert Majendie",,0,https://en.wikipedia.org/wiki/BIFA_Award_for_Best_British_Independent_Film
2025,BIFA 2025,Best British Independent Film,,"Kirk Jones, Georgia Bayliff and Piers Tempest",,0,https://en.wikipedia.org/wiki/BIFA_Award_for_Best_British_Independent_Film
2025,BIFA 2025,Best British Independent Film,,"Akinola Davies Jr., Wale Davies, Rachel Dargavel and Funmbi Ogunbanwo",,0,https://en.wikipedia.org/wiki/BIFA_Award_for_Best_British_Independent_Film
2025,BIFA 2025,Best British Independent Film,,"Harris Dickinson, Archie Pearch and Scott O'Donnell",,0,https://en.wikipedia.org/wiki/BIFA_Award_for_Best_British_Independent_Film
