year,ceremony,category,nominee,film,won
1985,Crystal Simorgh Awards,Best Motion picture,Mostazafan Foundation 's West Azerbaijan Province branch,The Scarecrow,1
1986,Crystal Simorgh Awards,Best Motion picture,Farabi Cinema Foundation,Frosty Roads,1
1986,Crystal Simorgh Awards,Best Motion picture,Peikar Company,The Grandfather,1
1986,Crystal Simorgh Awards,Best Title,Eifa Cinema Organization,The Finish Line,1
1986,Crystal Simorgh Awards,Best Motion picture,Ayat Film,The Bus,1
1987,Crystal Simorgh Awards,Best Title,Rasoul Mollagholipour,The Flight in the Night,1
1987,Crystal Simorgh Awards,Best Motion picture,Alireza Zarrin,Where Is the Friend's Home?,0
1987,Crystal Simorgh Awards,Best Movie,Haroun Yashayaei and Mohammad-Ali Soltan-Zadeh,Captain Khorshid,0
1987,Crystal Simorgh Awards,Best Motion picture,Haroun Yashayaei and Mohammad-Ali Soltan-Zadeh,The Lodgers,0
1987,Crystal Simorgh Awards,Best Feature,Masoud Jafari Jozani and Alireza Shoja Nouri,The Stony Lion,0
1989,Crystal Simorgh Awards,Best Feature,Haroun Yashayaei,Eye of the Hurricane,1
1989,Crystal Simorgh Awards,Best Motion picture,Farabi Cinema Foundation,The Scout,0
1989,Crystal Simorgh Awards,Best Feature,Aliakbar Erfani and Hassan Hedayat,Grand Cinema,0
1989,Crystal Simorgh Awards,Best Motion picture,Saeed Ebrahimifar  and Hossein Irie,Pomegranate and Cane,0
1989,Crystal Simorgh Awards,Best Title,Mostazafan Foundation 's Cinematic Affairs Institute,The Cyclist,0
1990,Crystal Simorgh Awards,Best Feature,AIIPO,The Immigrant,1
1990,Crystal Simorgh Awards,Best Movie,Dariush Mehrjui and Haroun Yashayaei,Hamoun,0
1990,Crystal Simorgh Awards,Best Movie,Alireza Zarrin,Close-Up,0
1990,Crystal Simorgh Awards,Best Movie,Seif-Ali Seyed-Kosarinejad,Savalan,0
1990,Crystal Simorgh Awards,Best Movie,"Ahmad Zahabzadeh , Abolfazl Entezari , Ali Sepaseh and Sha'ban-Ali Eslami",The Seeker,0
1991,Crystal Simorgh Awards,Best Feature,Yadollah Samadi and Hamrah Filmmaking Group,Apartment No.13,1
1991,Crystal Simorgh Awards,Best Motion picture,Gholamreza Moayeri and CSCIFI,"One Ticket, Two Movies!",0
1992,Crystal Simorgh Awards,Best Movie,Alireza Davoodnejad and Ali Vajed-Samii,The Need,1
1992,Crystal Simorgh Awards,Best Motion picture,"Bahram Beyzai , Khosrow Khosravi , Majid Roudiani and Abbas Sheikhzadeh",Travellers,0
1992,Crystal Simorgh Awards,Best Title,Rakhshan Bani-Etemad and Arman Film,Nargess,0
1992,Crystal Simorgh Awards,Best Title,Masoud Jafari Jozani and Mohammad-Mehdi Dadgoo,"Once Upon a Time, Cinema",0
1993,Crystal Simorgh Awards,Best Feature,Sina Film,From Karkheh to Rhein,1
1993,Crystal Simorgh Awards,Best Feature,Majid Modarresi,Once for Ever,0
1993,Crystal Simorgh Awards,Best Title,Dariush Mehrjui and Hashem Seifi,Sara,0
1993,Crystal Simorgh Awards,Best Motion picture,IRIB TV1,Shame,0
1993,Crystal Simorgh Awards,Best Motion picture,IRIB TV2 and CYALAH,Shadows of Assault,0
1995,Crystal Simorgh Awards,Best Motion picture,Farabi Cinema Foundation,The Fateful Day,1
1995,Crystal Simorgh Awards,Best Motion picture,Pakhshiran,Kimia,0
1995,Crystal Simorgh Awards,Best Title,"Dariush Mehrjui , Amir-Hossein Sharifi  and Hashem Seifi",Pari,0
1995,Crystal Simorgh Awards,Best Motion picture,"Alireza Davoodnejad , Mahvash Jazayeri and Farabi Cinema Foundation",The Disarmament,0
1995,Crystal Simorgh Awards,Best Feature,Majid Modarresi  and Fariborz Pourmand,The Blue-Veiled,0
1996,Crystal Simorgh Awards,Best Feature,Documentary and Experimental Film Center,The Father,1
1996,Crystal Simorgh Awards,Best Title,Kiumars Pourahmad and Soureh Cinema Development Organization,Strange Sisters,0
1996,Crystal Simorgh Awards,Best Feature,Mostazafan Foundation 's Cinematic Affairs Institute,The Red Circle,0
1996,Crystal Simorgh Awards,Best Feature,Khalil Doroudchi and Khalil Mahmoudi,Gabbeh,0
1996,Crystal Simorgh Awards,Best Title,"Manouchehr Mohammadi , Manouchehr Asgarinasab  and Seifollah Dad",The Survivor,0
1997,Crystal Simorgh Awards,Best Movie,IIDCYA,Children of Heaven,1
1997,Crystal Simorgh Awards,Best Feature,Farabi Cinema Foundation,Land of the Sun,0
1997,Crystal Simorgh Awards,Best Feature,"Dariush Mehrjui , Faramarz Farazmand",Leila,0
1997,Crystal Simorgh Awards,Best Title,Kourosh Mazkouri and IRIB TV2,The Traveller from the South,0
1998,Crystal Simorgh Awards,Best Movie,Varahonar and Farabi Cinema Foundation,The Glass Agency,1
1998,Crystal Simorgh Awards,Best Feature,Mohammadreza Sarhangi  and IRIB TV2,The Tree of Life,0
1998,Crystal Simorgh Awards,Best Movie,"Dariush Mehrjui , Faramarz Farazmand  and Farabi Cinema Foundation",The Pear Tree,0
1998,Crystal Simorgh Awards,Best Title,Alireza Raisian  and Jahangir Kosari,The May Lady,0
1998,Crystal Simorgh Awards,Best Movie,SimaFilm,Birth of A Butterfly,0
1999,Crystal Simorgh Awards,Best Movie,Negin Film and Soureh Cinema Development Organization,Heeva,1
1999,Crystal Simorgh Awards,Best Title,Varahonar,The Color of Paradise,0
1999,Crystal Simorgh Awards,Best Feature,Arman Film and Arta Film,Two Women,0
1999,Crystal Simorgh Awards,Best Title,Fereshteh Taerpoor,Son of Maryam,0
1999,Crystal Simorgh Awards,Best Motion picture,Gholamreza Mousavi  and Habib Esmaeili,Red,0
1999,Crystal Simorgh Awards,Best Title,Alireza Davoodnejad and Ali Vajed-Samii,Sweet Agony,0
2000,Crystal Simorgh Awards,Best Title,Morteza Shayesteh,"Smell of Camphor, Scent of Jasmine",1
2000,Crystal Simorgh Awards,Best Title,Masoud Kimiai,Protest,0
2000,Crystal Simorgh Awards,Best Feature,Abolhassan Davoudi,Rain Man,0
2000,Crystal Simorgh Awards,Best Movie,Tamasha Cultural Institute and Soureh Cinema Development Organization,Born Under Libra,0
2000,Crystal Simorgh Awards,Best Movie,"Masoud Jafari Jozani , Fathollah Jafari Jozani and Abbas Haghighi",Maturity,0
2001,Crystal Simorgh Awards,Best Feature,Majid Majidi and Fouad Nahas,Baran,1
2001,Crystal Simorgh Awards,Best Movie,Manouchehr Mohammadi,Under the Moonlight,0
2001,Crystal Simorgh Awards,Best Movie,Bahram Beyzai,Killing Mad Dogs,0
2001,Crystal Simorgh Awards,Best Feature,Ali Vajed-Samii,Paradise for you,0
2001,Crystal Simorgh Awards,Best Movie,Namaadin,End of the Game,0
2002,Crystal Simorgh Awards,Best Movie,Bahman Farmanara,A House Built on Water,1
2002,Crystal Simorgh Awards,Best Movie,Rasul Sadr Ameli,"I'm Taraneh, 15",0
2002,Crystal Simorgh Awards,Best Title,Manouchehr Mohammadi,Low Heights,0
2002,Crystal Simorgh Awards,Best Movie,"Dariush Mehrjui , Tahmineh Milani and Mohammad Nikbin",To Stay Alive,0
2002,Crystal Simorgh Awards,Best Movie,Hassan Tavakkolnia,Unruled Paper,0
2002,Crystal Simorgh Awards,Best Title,Rasoul Mollagholipour,The Poisonous Mushroom,0
2003,Crystal Simorgh Awards,Best Feature,Mohammad-Reza Takht-Keshian,The Insane Flew Away,1
2003,Crystal Simorgh Awards,Best Movie,Alireza Shoja Nouri,The Wind Carpet,0
2003,Crystal Simorgh Awards,Best Title,Reza Mirkarimi,"Here, A Shining Light",0
2003,Crystal Simorgh Awards,Best Feature,Amir Samavati,Deep Breath,0
2003,Crystal Simorgh Awards,Best Feature,Mohammad Nikbin,The Fifth Reaction,0
2004,Crystal Simorgh Awards,Best Title,Dariush Mehrjui and SimaFilm,Mum's Guest,1
2004,Crystal Simorgh Awards,Best Title,Tamasha Cultural Institute,Duel,0
2004,Crystal Simorgh Awards,Best Movie,Mahmoud Fallah,Tradition of Lover Killing,0
2004,Crystal Simorgh Awards,Best Feature,Iraj Taghipour and Neshaneh Film Production,The Beautiful City,0
2004,Crystal Simorgh Awards,Best Title,"Mohammad-Reza Takht-Keshian  , IRIB TV1 and Farabi Cinema Foundation",Ghadamgah,0
2005,Crystal Simorgh Awards,Best Feature,Reza Mirkarimi,"So Close, So Far",1
2005,Crystal Simorgh Awards,Best Motion picture,Majid Majidi,The Willow Tree,0
2005,Crystal Simorgh Awards,Best Motion picture,Mohammad Khazaee,Behind the Curtain of Fog,0
2005,Crystal Simorgh Awards,Best Title,Hassan Beshkufeh,A Place to Live,0
2005,Crystal Simorgh Awards,Best Title,Amir Samavati,Café Transit,0
2005,Crystal Simorgh Awards,Best Motion picture,Mohammad-Reza Takht-Keshian,We Are All Fine,0
2006,Crystal Simorgh Awards,Best Feature,Ebrahim Hatamikia,In the Name of the Father,1
2006,Crystal Simorgh Awards,Best Title,Nasser Shafagh  and Saeed Hajimiri,The Incident,0
2006,Crystal Simorgh Awards,Best Feature,Jamal Sadatian,Fireworks Wednesday,0
2006,Crystal Simorgh Awards,Best Movie,Jahangir Kosari,Friday Evening,0
2007,Crystal Simorgh Awards,Best Title,Alireza Jalali,The Third Day,1
2007,Crystal Simorgh Awards,Best Motion picture,Amir-Shahab Razavian,Colors of Memory,0
2007,Crystal Simorgh Awards,Best Feature,Mehdi Homayounfar,The Night Bus,0
2008,Crystal Simorgh Awards,Best Motion picture,Reza Mirkarimi,As Simple as That,1
2008,Crystal Simorgh Awards,Best Feature,Majid Majidi,The Song of Sparrows,0
2008,Crystal Simorgh Awards,Best Movie,Fathollah Jafari Jozani,Wind Blows in the Meadow,0
2009,Crystal Simorgh Awards,Best Title,Saeed Sa'di,Doubt,1
2009,Crystal Simorgh Awards,Best Feature,Pouran Derakhshandeh,Twenty,0
2009,Crystal Simorgh Awards,Best Title,Javad Norouzbeigi,The Postman Doesn't Knock 3 Times,0
2009,Crystal Simorgh Awards,Best Title,Asghar Farhadi,About Elly,0
2009,Crystal Simorgh Awards,Best Movie,Abolhassan Davoudi,Motherland,0
2009,Crystal Simorgh Awards,Best Feature,Bahram Beyzai,When We're All Asleep,0
2010,Crystal Simorgh Awards,Best Motion picture,Jamal Sadatian,In Amethyst Color,1
2010,Crystal Simorgh Awards,Best Movie,Alireza Raisian,Forty Years Old,0
2010,Crystal Simorgh Awards,Best Movie,Seyyed Ahmad Mir-Alaei,The Fateful Night,0
2010,Crystal Simorgh Awards,Best Movie,Manouchehr Mohammadi,Gold and Copper,0
2010,Crystal Simorgh Awards,Best Motion picture,Mojtaba Faravardeh,The Kingdom of Solomon,0
2010,Crystal Simorgh Awards,Best Title,Jamal Sadatian,Seven Minutes to Fall,0
2011,Crystal Simorgh Awards,Best Feature,Masoud Kimiai,Crime,1
2011,Crystal Simorgh Awards,Best Feature,SimaFilm,Beloved Sky,0
2011,Crystal Simorgh Awards,Best Feature,Asghar Farhadi,A Separation,0
2011,Crystal Simorgh Awards,Best Movie,Saeed Sa'di,Alzheimer,0
2011,Crystal Simorgh Awards,Best Motion picture,Mehdi Homayounfar,33 Days,0
2012,Crystal Simorgh Awards,Best Movie,Saeed Sa'di,Days of Life,0
2012,Crystal Simorgh Awards,Best Feature,Reza Rakhshan,Bulletproof,0
2012,Crystal Simorgh Awards,Best Movie,Abolghasem Hosseini,The Queen,0
2012,Crystal Simorgh Awards,Best Title,Dariush Mehrjui,Orange Suit,0
2012,Crystal Simorgh Awards,Best Feature,Ali Sartipi  and Mehdi Davari,The Wooden Bridge,0
2012,Crystal Simorgh Awards,Best Title,Manouchehr Mohammadi,Kissing the Moon-Like Face,0
2013,Crystal Simorgh Awards,Best Motion picture,Mohsen Ali-Akbari,Give Back,1
2013,Crystal Simorgh Awards,Best Title,Amir Samavati,Trapped,0
2013,Crystal Simorgh Awards,Best Feature,Mahmoud Razavi,The Corridor,0
2013,Crystal Simorgh Awards,Best Movie,Faramarz Gharibian,Sinners,0
2013,Crystal Simorgh Awards,Best Feature,Siamak Poursharif,Berlin -7°,0
2014,Crystal Simorgh Awards,Best Motion picture,Taghi Aligholizadeh,Hussein Who Said No,1
2014,Crystal Simorgh Awards,Best Movie,Behrouz Afkhami and Jamal Sadatian,"Azar, Shahdokht, Parviz and Others",1
2014,Crystal Simorgh Awards,Best Motion picture,Farabi Cinema Foundation,Che,0
2014,Crystal Simorgh Awards,Best Feature,Mohammad-Hossein Ghasemi  and Abouzar Pourmohammadi,Track 143,0
2014,Crystal Simorgh Awards,Best Feature,Rakhshan Bani-Etemad,Tales,0
2015,Crystal Simorgh Awards,Best Feature,Bita Mansouri,Crazy Rook,1
2015,Crystal Simorgh Awards,Best Feature,Farzad Motamen and Ali Hazrati,The Long Farewell,0
2015,Crystal Simorgh Awards,Best Title,Alireza Raisian,Time to Love,0
2015,Crystal Simorgh Awards,Best Feature,Manouchehr Shahsavari,Mazar Sharif,0
2015,Crystal Simorgh Awards,Best Feature,Javad Norouzbeigi,I Am Diego Maradona,0
2016,Crystal Simorgh Awards,Best Title,Habibollah Valinejad,Standing in the Dust,1
2016,Crystal Simorgh Awards,Best Movie,Saeid Malekan,Life and A Day,0
2016,Crystal Simorgh Awards,Best Title,Kamal Tabrizi,Mina's Choice,0
2016,Crystal Simorgh Awards,Best Motion picture,Reza Mirkarimi,Daughter,0
2016,Crystal Simorgh Awards,Best Movie,Farzad Motamen,When Did You See Sahar Last Time?,0
2017,Crystal Simorgh Awards,Best Motion picture,Mahmoud Razavi,Midday Adventures,1
2017,Crystal Simorgh Awards,Best Motion picture,Ali Jalilvand,"No Date, No Signature",0
2017,Crystal Simorgh Awards,Best Motion picture,Javad Norouzbeigi,Searing Summer,0
2017,Crystal Simorgh Awards,Best Motion picture,Jahangir Kosari,Ferrari,0
2017,Crystal Simorgh Awards,Best Feature,Pouran Derakhshandeh,Under the Smokey Roof,0
2018,Crystal Simorgh Awards,Best Movie,Saeid Malekan,The Lost Strait,1
2018,Crystal Simorgh Awards,Best Feature,Mohammad Khazaee,Damascus Time,0
2018,Crystal Simorgh Awards,Best Title,Payman Maadi and Ehsan Rasoulof,Bomb: A Love Story,0
2018,Crystal Simorgh Awards,Best Title,Mahmoud Razavi,Axing,0
2018,Crystal Simorgh Awards,Best Motion picture,Hamed Hosseini,Under Water Cypress,0
2018,Crystal Simorgh Awards,Best Feature,Kambuzia Partovi,Truck,0
2018,Crystal Simorgh Awards,Best Title,Saeed Sa'di,Sheeple,0
2019,Crystal Simorgh Awards,Best Title,Mohammad-Hossein Ghasemi,When the Moon Was Full,1
2019,Crystal Simorgh Awards,Best Movie,Mahmoud Razavi,Midday Adventures: Trace of Blood,0
2019,Crystal Simorgh Awards,Best Movie,Majid Motalebi,The Warden,0
2019,Crystal Simorgh Awards,Best Motion picture,Saeid Malekan,Gholamreza Takhti,0
2019,Crystal Simorgh Awards,Best Motion picture,Jamal Sadatian,Just 6.5,0
2019,Crystal Simorgh Awards,Best Movie,Reza Mirkarimi,Castle of Dreams,0
2020,Crystal Simorgh Awards,Best Movie,Majid Majidi and Amir Banan,The Sun,1
2020,Crystal Simorgh Awards,Best Feature,Rasul Sadr Ameli,Butterfly Stroke,0
2020,Crystal Simorgh Awards,Best Movie,Mostafa Ahmadi,Walnut Tree,0
2020,Crystal Simorgh Awards,Best Movie,Saeid Malekan,Day Zero,0
2020,Crystal Simorgh Awards,Best Movie,Niki Karimi,Atabai,0
2021,Crystal Simorgh Awards,Best Motion picture,Mohammad Reza Mesbah,Yadoo,1
2021,Crystal Simorgh Awards,Best Movie,Mohammadhossein Ghasemi,Pinto,0
2021,Crystal Simorgh Awards,Best Movie,Javad Norouzbeigi,Without Everything,0
2021,Crystal Simorgh Awards,Best Title,Roohollah Baradari and Samira Baradari,Zalava,0
2022,Crystal Simorgh Awards,Best Feature,Habibollah Valinejad,The Situation of Mehdi,1
2022,Crystal Simorgh Awards,Best Title,Bahram Radan,Grassland,0
2022,Crystal Simorgh Awards,Best Title,Hassan Mostafavi,The Last Snow,0
2022,Crystal Simorgh Awards,Best Title,Reza Mirkarimi,The Night Guardian,0
2023,Crystal Simorgh Awards,Best Title,Hamed Hosseini,Metropol Cinema,1
2023,Crystal Simorgh Awards,Best Feature,Hamed Jafari,Smart Kid,1
2023,Crystal Simorgh Awards,Best Movie,Ebrahim Asghari,Number Ten,0
2023,Crystal Simorgh Awards,Best Movie,Mohammadreza Mesbah,In the Arms of the Tree,0
2023,Crystal Simorgh Awards,Best Movie,Davoud Sabouri,Mud Room,0
2023,Crystal Simorgh Awards,Best Movie,Kamran Hejazi,The Leather Jacket Man,0
2023,Crystal Simorgh Awards,Best Title,Mojtaba Rashvand,My Name is Love,0
2024,Crystal Simorgh Awards,Best Movie,Abbas Naderan,Majnoon,1
2024,Crystal Simorgh Awards,Best Movie,Ali Oji,Summer Time,0
2024,Crystal Simorgh Awards,Best Motion picture,Ata Panahi,Parviz Khan,0
2024,Crystal Simorgh Awards,Best Movie,Ali Shirmohammadi,The Morning of The Execution,0
2024,Crystal Simorgh Awards,Best Movie,Habibollah Valinejad,The West Sky,0
1983,Crystal Simorgh Awards,Best Director,Not awarded,,0
1984,Crystal Simorgh Awards,Best Filmmaker,Khosrow Sinai,The Inner Beast,1
1985,Crystal Simorgh Awards,Best Helmer,Yadollah Samadi,The Man Who Knew Too Much,1
1986,Crystal Simorgh Awards,Best Filmmaker,Kianoush Ayari,The Monster,1
1987,Crystal Simorgh Awards,Best Filmmaker,Abbas Kiarostami,Where Is the Friend's Home?,1
1987,Crystal Simorgh Awards,Best Director,Nasser Taghvai,Captain Khorshid,0
1987,Crystal Simorgh Awards,Best Filmmaker,Dariush Mehrjui,The Lodgers,0
1987,Crystal Simorgh Awards,Best Filmmaker,Ebrahim Forouzesh,The Key,0
1987,Crystal Simorgh Awards,Best Director,Masoud Jafari Jozani,The Stony Lion,0
1988,Crystal Simorgh Awards,Best Helmer,Kianoush Ayari,Beyond the Fire,1
1988,Crystal Simorgh Awards,Best Filmmaker,Pouran Derakhshandeh,Little Bird of Happiness,0
1988,Crystal Simorgh Awards,Best Director,Siamak Shayeghi,A Dowry for Robab,0
1988,Crystal Simorgh Awards,Best Helmer,Manouchehr Asgarinasab,The Awaiting Home,0
1988,Crystal Simorgh Awards,Best Director,Dariush Mehrjui,Shirak,0
1989,Crystal Simorgh Awards,Best Filmmaker,Mohsen Makhmalbaf,The Cyclist,1
1989,Crystal Simorgh Awards,Best Filmmaker,Mohsen Makhmalbaf,The Marriage of the Blessed,0
1989,Crystal Simorgh Awards,Best Helmer,Masoud Jafari Jozani,Eye of the Hurricane ‡,0
1989,Crystal Simorgh Awards,Best Filmmaker,Manouchehr Asgarinasab,Hey Joe,0
1990,Crystal Simorgh Awards,Best Filmmaker,Dariush Mehrjui,Hamoun,1
1990,Crystal Simorgh Awards,Best Helmer,Ebrahim Hatamikia,The Immigrant ‡,0
1990,Crystal Simorgh Awards,Best Director,Abbas Kiarostami,Close-Up,0
1990,Crystal Simorgh Awards,Best Filmmaker,Yadollah Samadi,Savalan,0
1990,Crystal Simorgh Awards,Best Director,Mohammad Motevaselani,The Seeker,0
1991,Crystal Simorgh Awards,Best Director,Varuzh Karim-Masihi,The Last Act,1
1991,Crystal Simorgh Awards,Best Filmmaker,Behrouz Afkhami,The Bride,0
1991,Crystal Simorgh Awards,Best Helmer,Yadollah Samadi,Apartment No.13 ‡,0
1991,Crystal Simorgh Awards,Best Helmer,Dariush Farhang,"One Ticket, Two Movies!",0
1992,Crystal Simorgh Awards,Best Director,Rakhshan Bani-Etemad,Nargess,1
1992,Crystal Simorgh Awards,Best Helmer,Bahram Beyzai,Travellers,0
1992,Crystal Simorgh Awards,Best Helmer,Mohsen Makhmalbaf,"Once Upon a Time, Cinema",0
1992,Crystal Simorgh Awards,Best Helmer,Alireza Davoodnejad,The Need  ‡,0
1992,Crystal Simorgh Awards,Best Helmer,Mehdi Sabbaghzadeh,The Quiet Home,0
1993,Crystal Simorgh Awards,Best Director,Sirus Alvand,Once for Ever,1
1993,Crystal Simorgh Awards,Best Filmmaker,Ebrahim Hatamikia,From Karkheh to Rhein ‡,0
1993,Crystal Simorgh Awards,Best Director,Dariush Mehrjui,Sara,0
1993,Crystal Simorgh Awards,Best Helmer,Mohsen Makhmalbaf,Actor,0
1994,Crystal Simorgh Awards,Best Filmmaker,Mohammad Bozorgnia,Tanker War,1
1994,Crystal Simorgh Awards,Best Filmmaker,Ebrahim Hatamikia,The Green Ashes,0
1994,Crystal Simorgh Awards,Best Director,Hassan Hedayat,The Devil's Eye,0
1994,Crystal Simorgh Awards,Best Director,Jamal Shurjeh,The Epic of Majnun,0
1994,Crystal Simorgh Awards,Best Director,Hossein-Ali Layalestani,Zero Heights,0
1995,Crystal Simorgh Awards,Best Filmmaker,Dariush Mehrjui,Pari,1
1995,Crystal Simorgh Awards,Best Helmer,Shahram Assadi,The Fateful Day ‡,0
1995,Crystal Simorgh Awards,Best Filmmaker,Ahmad-Reza Darvish,Kimia,0
1995,Crystal Simorgh Awards,Best Filmmaker,Rakhshan Bani-Etemad,The Blue-Veiled,0
1996,Crystal Simorgh Awards,Best Director,Kiumars Pourahmad,Strange Sisters,1
1996,Crystal Simorgh Awards,Best Helmer,Majid Majidi,The Father ‡,0
1996,Crystal Simorgh Awards,Best Filmmaker,Rasoul Mollagholipour,Journey to Chazabeh,0
1996,Crystal Simorgh Awards,Best Director,Mohsen Makhmalbaf,Gabbeh,0
1997,Crystal Simorgh Awards,Best Filmmaker,Majid Majidi,Children of Heaven ‡,1
1997,Crystal Simorgh Awards,Best Filmmaker,Ahmad-Reza Darvish,Land of the Sun,0
1997,Crystal Simorgh Awards,Best Filmmaker,Dariush Mehrjui,Leila,0
1997,Crystal Simorgh Awards,Best Helmer,Parviz Shahbazi,The Traveller from the South,0
1998,Crystal Simorgh Awards,Best Director,Ebrahim Hatamikia,The Glass Agency ‡,1
1998,Crystal Simorgh Awards,Best Filmmaker,Farhad Mehranfar,The Tree of Life,0
1998,Crystal Simorgh Awards,Best Director,Dariush Mehrjui,The Pear Tree,0
1998,Crystal Simorgh Awards,Best Helmer,Rakhshan Bani-Etemad,The May Lady,0
1998,Crystal Simorgh Awards,Best Helmer,Mojtaba Ra'i,Birth of A Butterfly,0
1999,Crystal Simorgh Awards,Best Filmmaker,Rasoul Mollagholipour,Heeva  ‡,1
1999,Crystal Simorgh Awards,Best Helmer,Ebrahim Hatamikia,The Red Ribbon,0
1999,Crystal Simorgh Awards,Best Filmmaker,Tahmineh Milani,Two Women,0
1999,Crystal Simorgh Awards,Best Director,Majid Majidi,The Color of Paradise,0
1999,Crystal Simorgh Awards,Best Helmer,Alireza Davoodnejad,Sweet Agony,0
2000,Crystal Simorgh Awards,Best Director,Bahman Farmanara,"Smell of Camphor, Scent of Jasmine ‡",1
2000,Crystal Simorgh Awards,Best Helmer,Masoud Kimiai,Protest,0
2000,Crystal Simorgh Awards,Best Helmer,Dariush Mehrjui,The Mix,0
2000,Crystal Simorgh Awards,Best Filmmaker,Masoud Jafari Jozani,Maturity,0
2000,Crystal Simorgh Awards,Best Director,Reza Mirkarimi,The Child and the Soldier,0
2001,Crystal Simorgh Awards,Best Filmmaker,Majid Majidi,Baran ‡,1
2001,Crystal Simorgh Awards,Best Helmer,Homayoun Ass'adian,End of the Game,0
2001,Crystal Simorgh Awards,Best Director,Bahram Beyzai,Killing Mad Dogs,0
2001,Crystal Simorgh Awards,Best Helmer,Alireza Davoodnejad,Paradise for you,0
2001,Crystal Simorgh Awards,Best Helmer,Reza Mirkarimi,Under the Moonlight,0
2002,Crystal Simorgh Awards,Best Filmmaker,Rasul Sadr Ameli,"I'm Taraneh, 15",1
2002,Crystal Simorgh Awards,Best Director,Nasser Taghvai,Unruled Paper,0
2002,Crystal Simorgh Awards,Best Helmer,Ebrahim Hatamikia,Low Heights,0
2002,Crystal Simorgh Awards,Best Director,Dariush Mehrjui,To Stay Alive,0
2002,Crystal Simorgh Awards,Best Director,Alireza Raisian,The Deserted Station,0
2002,Crystal Simorgh Awards,Best Filmmaker,Nasser Refaei,The Exam,0
2003,Crystal Simorgh Awards,Best Director,Reza Mirkarimi,"Here, A Shining Light",1
2003,Crystal Simorgh Awards,Best Director,Kamal Tabrizi,Look at the Sky Sometimes,0
2003,Crystal Simorgh Awards,Best Filmmaker,Parviz Shahbazi,Deep Breath,0
2003,Crystal Simorgh Awards,Best Director,Asghar Farhadi,Dancing in the Dust,0
2003,Crystal Simorgh Awards,Best Director,Ahmad-Reza Mo'tamedi,The Insane Flew Away  ‡,0
2004,Crystal Simorgh Awards,Best Helmer,Ahmad-Reza Darvish,Duel,1
2004,Crystal Simorgh Awards,Best Helmer,Dariush Mehrjui,Mum's Guest ‡,0
2004,Crystal Simorgh Awards,Best Director,Asghar Farhadi,The Beautiful City,0
2004,Crystal Simorgh Awards,Best Filmmaker,Sirus Alvand,The Winning Card,0
2004,Crystal Simorgh Awards,Best Filmmaker,Mohammad-Mehdi Asgarpour,Ghadamgah,0
2005,Crystal Simorgh Awards,Best Filmmaker,Majid Majidi,The Willow Tree,1
2005,Crystal Simorgh Awards,Best Filmmaker,Mohammad Bozorgnia,A Place to Live,0
2005,Crystal Simorgh Awards,Best Filmmaker,Reza Mirkarimi,"So Close, So Far ‡",0
2005,Crystal Simorgh Awards,Best Filmmaker,Kambuzia Partovi,Café Transit,0
2005,Crystal Simorgh Awards,Best Helmer,Parviz Sheikhtadi,Behind the Curtain of Fog,0
2005,Crystal Simorgh Awards,Best Filmmaker,Bijan Mirbagheri,We Are All Fine,0
2006,Crystal Simorgh Awards,Best Director,Asghar Farhadi,Fireworks Wednesday,1
2006,Crystal Simorgh Awards,Best Filmmaker,Ebrahim Hatamikia,In the Name of the Father ‡,0
2006,Crystal Simorgh Awards,Best Director,Abolhassan Davoudi,The Incident,0
2006,Crystal Simorgh Awards,Best Filmmaker,Khosrow Ma'sumi,Somewhere Far Away,0
2006,Crystal Simorgh Awards,Best Director,Mona Zandi Haghighi,Friday Evening,0
2007,Crystal Simorgh Awards,Best Helmer,Mohammad-Hossein Latifi,The Third Day ‡,1
2007,Crystal Simorgh Awards,Best Filmmaker,Amir-Shahab Razavian,Colors of Memory,1
2007,Crystal Simorgh Awards,Best Filmmaker,Kiumars Pourahmad,The Night Bus,0
2007,Crystal Simorgh Awards,Best Filmmaker,Mohammad-Mehdi Asgarpour,Eghlima,0
2007,Crystal Simorgh Awards,Best Director,Bahram Tavakoli,Barefoot in Paradise,0
2008,Crystal Simorgh Awards,Best Filmmaker,Majid Majidi,The Song of Sparrows,1
2008,Crystal Simorgh Awards,Best Filmmaker,Khosrow Ma'sumi,Wind Blows in the Meadow,0
2008,Crystal Simorgh Awards,Best Helmer,Reza Mirkarimi,As Simple as That ‡,0
2008,Crystal Simorgh Awards,Best Helmer,Mohammad-Ali Talebi,The Wall,0
2009,Crystal Simorgh Awards,Best Helmer,Asghar Farhadi,About Elly,1
2009,Crystal Simorgh Awards,Best Director,Abdolreza Kahani,Twenty,0
2009,Crystal Simorgh Awards,Best Filmmaker,Hassan Fathi,The Postman Doesn't Knock 3 Times,0
2009,Crystal Simorgh Awards,Best Director,Varuzh Karim-Masihi,Doubt ‡,0
2009,Crystal Simorgh Awards,Best Director,Tahmineh Milani,Superstar,0
2009,Crystal Simorgh Awards,Best Director,Bahram Beyzai,When We're All Asleep,0
2010,Crystal Simorgh Awards,Best Director,Ebrahim Hatamikia,In Amethyst Color ‡,1
2010,Crystal Simorgh Awards,Best Director,Alireza Amini,Seven Minutes to Fall,0
2010,Crystal Simorgh Awards,Best Director,Alireza Raisian,Forty Years Old,0
2010,Crystal Simorgh Awards,Best Filmmaker,Homayoun Ass'adian,Gold and Copper,0
2010,Crystal Simorgh Awards,Best Director,Shahriar Bahrani,The Kingdom of Solomon,0
2010,Crystal Simorgh Awards,Best Helmer,Shahram Assadi,The Fateful Night,0
2011,Crystal Simorgh Awards,Best Filmmaker,Asghar Farhadi,A Separation,1
2011,Crystal Simorgh Awards,Best Director,Masoud Kimiai,Crime  ‡,0
2011,Crystal Simorgh Awards,Best Helmer,Dariush Mehrjui,Beloved Sky,0
2011,Crystal Simorgh Awards,Best Filmmaker,Ahmad-Reza Mo'tamedi,Alzheimer,0
2011,Crystal Simorgh Awards,Best Director,Mohammad Bozorgnia,The Maritime Silk Road,0
2012,Crystal Simorgh Awards,Best Director,Parviz Sheikhtadi,Days of Life,1
2012,Crystal Simorgh Awards,Best Helmer,Dariush Mehrjui,Orange Suit,0
2012,Crystal Simorgh Awards,Best Director,Mohammad-Ali Bashe-Ahangar,The Queen,0
2012,Crystal Simorgh Awards,Best Filmmaker,Homayoun Ass'adian,Kissing the Moon-Like Face,0
2012,Crystal Simorgh Awards,Best Helmer,Mani Haghighi,Modest Reception,0
2013,Crystal Simorgh Awards,Best Filmmaker,Parviz Shahbazi,Trapped,1
2013,Crystal Simorgh Awards,Best Helmer,Alireza Davoodnejad,Actors Studio,0
2013,Crystal Simorgh Awards,Best Filmmaker,Behnam Behzadi,Bending the Rules,0
2013,Crystal Simorgh Awards,Best Director,Behrouz Shoeibi,The Corridor,0
2013,Crystal Simorgh Awards,Best Director,Ali Ghafari,Give Back  ‡,0
2014,Crystal Simorgh Awards,Best Director,Ahmad-Reza Darvish,Hussein Who Said No ‡,1
2014,Crystal Simorgh Awards,Best Director,Hamid Nematollah,Hard Makeup,0
2014,Crystal Simorgh Awards,Best Helmer,Behrouz Afkhami,"Azar, Shahdokht, Parviz and Others  ‡",0
2014,Crystal Simorgh Awards,Best Helmer,Ebrahim Hatamikia,Che,0
2014,Crystal Simorgh Awards,Best Filmmaker,Mohammad-Mehdi Asgarpour,We Have A Guest,0
2015,Crystal Simorgh Awards,Best Filmmaker,Abolhassan Davoudi,Crazy Rook ‡,1
2015,Crystal Simorgh Awards,Best Helmer,Bahram Tavakoli,I Am Diego Maradona,0
2015,Crystal Simorgh Awards,Best Director,Farzad Motamen,The Long Farewell,0
2015,Crystal Simorgh Awards,Best Filmmaker,Alireza Raisian,Time to Love,0
2015,Crystal Simorgh Awards,Best Filmmaker,Mostafa Kiayee,Ice Age,0
2015,Crystal Simorgh Awards,Best Director,Abdolhassan Barzideh,Mazar Sharif,0
2016,Crystal Simorgh Awards,Best Director,Saeed Roustayi,Life and a Day,1
2016,Crystal Simorgh Awards,Best Helmer,Mohammad-Hossein Mahdavian,Standing in the Dust ‡,0
2016,Crystal Simorgh Awards,Best Director,Reza Mirkarimi,Daughter,0
2016,Crystal Simorgh Awards,Best Helmer,Kamal Tabrizi,Mina's Choice,0
2016,Crystal Simorgh Awards,Best Filmmaker,Farzad Motamen,When Did You See Sahar Last Time?,0
2017,Crystal Simorgh Awards,Best Helmer,Vahid Jalilvand,"No Date, No Signature",1
2017,Crystal Simorgh Awards,Best Helmer,Alireza Davoodnejad,Ferrari,0
2017,Crystal Simorgh Awards,Best Director,Ebrahim Irajzad,Searing Summer,0
2017,Crystal Simorgh Awards,Best Filmmaker,Pouran Derakhshandeh,Under the Smokey Roof,0
2017,Crystal Simorgh Awards,Best Director,Mohammad-Hossein Mahdavian,Midday Adventures ‡,0
2017,Crystal Simorgh Awards,Best Helmer,Rambod Javan,Negar,0
2018,Crystal Simorgh Awards,Best Filmmaker,Bahram Tavakoli,The Lost Strait ‡,1
2018,Crystal Simorgh Awards,Best Director,Ebrahim Hatamikia,Damascus Time,1
2018,Crystal Simorgh Awards,Best Director,Behrouz Shoeibi,Axing,0
2018,Crystal Simorgh Awards,Best Director,Mohammad-Ali Bashe-Ahangar,Under Water Cypress,0
2018,Crystal Simorgh Awards,Best Director,Kambuzia Partovi,Truck,0
2018,Crystal Simorgh Awards,Best Filmmaker,Houman Seyyedi,Sheeple,0
2019,Crystal Simorgh Awards,Best Director,Narges Abyar,When the Moon Was Full ‡,1
2019,Crystal Simorgh Awards,Best Director,Nima Javidi,The Warden,0
2019,Crystal Simorgh Awards,Best Filmmaker,Bahram Tavakoli,Gholamreza Takhti,0
2019,Crystal Simorgh Awards,Best Filmmaker,Saeed Roustayi,Just 6.5,0
2019,Crystal Simorgh Awards,Best Helmer,Reza Mirkarimi,Castle of Dreams,0
2019,Crystal Simorgh Awards,Best Helmer,Mohammad-Hossein Mahdavian,Midday Adventures: Trace of Blood,0
2020,Crystal Simorgh Awards,Best Director,Mohammad-Hossein Mahdavian,Walnut Tree,1
2020,Crystal Simorgh Awards,Best Filmmaker,Saeid Malekan,Day Zero,0
2020,Crystal Simorgh Awards,Best Director,Niki Karimi,Atabai,0
2020,Crystal Simorgh Awards,Best Director,Morteza Farshbaf,Tooman,0
2020,Crystal Simorgh Awards,Best Helmer,Majid Majidi,The Sun ‡,0
2020,Crystal Simorgh Awards,Best Director,Mohammad Kart,Butterfly Stroke,0
2021,Crystal Simorgh Awards,Best Director,Mehdi Jafari,Yadoo  ‡,1
2021,Crystal Simorgh Awards,Best Helmer,Narges Abyar,Piebald,0
2021,Crystal Simorgh Awards,Best Helmer,Arsalan Amiri,Zalava,0
2021,Crystal Simorgh Awards,Best Director,Mohsen Gharaie,Without Everything,0
2022,Crystal Simorgh Awards,Best Filmmaker,Reza Mirkarimi,The Night Guardian,1
2022,Crystal Simorgh Awards,Best Director,Hadi Hejazifar,The Situation of Mehdi,0
2022,Crystal Simorgh Awards,Best Filmmaker,Amir Hossein Asgari,The Last Snow,0
2022,Crystal Simorgh Awards,Best Director,Kazem Daneshi,Grassland,0
2022,Crystal Simorgh Awards,Best Director,Behrouz Shoeibi,No Prior Appointment,0
2023,Crystal Simorgh Awards,Best Director,Mohammad Ali Bashe Ahangar,Metropol Cinema,1
2023,Crystal Simorgh Awards,Best Filmmaker,Hossein Mirzamohammadi,The Leather Jacket Man,0
2023,Crystal Simorgh Awards,Best Helmer,Mohammad Asgari,Mud Room,0
2023,Crystal Simorgh Awards,Best Director,Hadi Mohammadian Behnoud Nekouie Mohammad-Javad Jannati,Smart Kid,0
2023,Crystal Simorgh Awards,Best Filmmaker,Babak Khajeh Pasha,In the Arms of the Tree,0
2023,Crystal Simorgh Awards,Best Director,Hamid Zargarnejad,Number Ten,0
2023,Crystal Simorgh Awards,Best Director,Mohammad-Hossien Latifi,The Stranger,0
2024,Crystal Simorgh Awards,Best Helmer,Behrouz Afkhami,The Morning of The Execution,1
2024,Crystal Simorgh Awards,Best Director,Ali Saghafi,Parviz Khan,0
2024,Crystal Simorgh Awards,Best Filmmaker,Masoud Jafari Jozani,Paradise of Criminals,0
2024,Crystal Simorgh Awards,Best Director,Mehdi Shamohammadi,Majnoon,0
2024,Crystal Simorgh Awards,Best Filmmaker,Javad Ezzati,Aligator Blood,0
2024,Crystal Simorgh Awards,Best Director,Mahmoud Kalari,Summer Time,0
1984,Crystal Simorgh Awards,Best Actor,Hossein Parvaresh,The Weak Point,1
1985,Crystal Simorgh Awards,Best Actor,Jamshid Mashayekhi,"Kamalolmolk , Chrysanthemums",1
1986,Crystal Simorgh Awards,Best Actor,Hadi Eslami,The Bus,1
1986,Crystal Simorgh Awards,Best Actor,Iraj Tahmasb,The Finish Line,0
1987,Crystal Simorgh Awards,Best Actor,Dariush Arjmand,Captain Khorshid,1
1987,Crystal Simorgh Awards,Best Actor,Ezzatolah Entezami,The Lodgers,0
1987,Crystal Simorgh Awards,Best Actor,Ali Nassirian,The Stone Lion,0
1988,Crystal Simorgh Awards,Best Actor,Faramarz Gharibian,Train,1
1988,Crystal Simorgh Awards,Best Actor,Mehdi Hashemi,Off-Limits,0
1988,Crystal Simorgh Awards,Best Actor,Mehdi Fathi,Gifts,0
1988,Crystal Simorgh Awards,Best Actor,Khosrow Shojazadeh,Beyond the Fire,0
1988,Crystal Simorgh Awards,Best Actor,Esmaeel Mehrabi,The First Lawyer,0
1989,Crystal Simorgh Awards,Best Actor,Ezzatolah Entezami,Grand Cinema,1
1989,Crystal Simorgh Awards,Best Actor,Jahangir Almasi,Pomegranate and Cane,0
1989,Crystal Simorgh Awards,Best Actor,Ali Nassirian,The Years of Ash,0
1989,Crystal Simorgh Awards,Best Actor,Hadi Eslami,The Lead,0
1989,Crystal Simorgh Awards,Best Actor,Mehrdad Soleimani,The Scout,0
1990,Crystal Simorgh Awards,Best Actor,Khosrow Shakibai,Hamoun,1
1990,Crystal Simorgh Awards,Best Actor,Mohammad Ali Keshavarz,Mother,0
1990,Crystal Simorgh Awards,Best Actor,Faramarz Sadighi,Snake Fang,0
1990,Crystal Simorgh Awards,Best Actor,Seyed Ali Reza Khatami,The Immigrant,0
1990,Crystal Simorgh Awards,Best Actor,Dariush Arjmand,The Searcher,0
1991,Crystal Simorgh Awards,Best Actor,Mehdi Hashemi,"One Ticket, Two Movies!",1
1991,Crystal Simorgh Awards,Best Actor,Hossein Panahi,The Shadow of Imagination,0
1991,Crystal Simorgh Awards,Best Actor,Abolfazl Poorarab,The Bride,0
1991,Crystal Simorgh Awards,Best Actor,Dariush Farhang,"One Ticket, Two Movies!",0
1991,Crystal Simorgh Awards,Best Actor,Jamshid Hashempour,Love and Death,0
1992,Crystal Simorgh Awards,Best Actor,Faramarz Sadighi,Attorney General,1
1992,Crystal Simorgh Awards,Best Actor,Ezzatolah Entezami,"Once Upon a Time, Cinema",0
1992,Crystal Simorgh Awards,Best Actor,Ezzatolah Entezami,The Quiet Home,0
1992,Crystal Simorgh Awards,Best Actor,Parviz Poorhosseini,Avinar,0
1992,Crystal Simorgh Awards,Best Actor,Mohamad Kasebi,Baduk,0
1992,Crystal Simorgh Awards,Best Actor,Abolfazl Poorarab,Narges,0
2013,Crystal Simorgh Awards,Best Actor,Hamid Farrokhnezhad,Give Back,1
2013,Crystal Simorgh Awards,Best Actor,Reza Attaran,The Corridor,0
2013,Crystal Simorgh Awards,Best Actor,Akbar Abdi,Notoriety,0
2013,Crystal Simorgh Awards,Best Actor,Amir Jafari,Bending the Rules,0
2013,Crystal Simorgh Awards,Best Actor,Mehran Ahmadi,The Bright Day,0
2014,Crystal Simorgh Awards,Best Actor,Reza Attaran,Sensitive Floor,1
2014,Crystal Simorgh Awards,Best Actor,Navid Mohammadzadeh,I'm Not Angry!,0
2014,Crystal Simorgh Awards,Best Actor,Parviz Parastui,Today,0
2014,Crystal Simorgh Awards,Best Actor,Hamed Behdad,Hard Makeup,0
2014,Crystal Simorgh Awards,Best Actor,Arash Aasefi,Hussein Who Said No,0
2014,Crystal Simorgh Awards,Best Actor,Mehdi Fakhimzadeh,"Azar, Shahdokht, Parviz And Others",0
2015,Crystal Simorgh Awards,Best Actor,Saeed Aghakhani,The Long Farewell,1
2015,Crystal Simorgh Awards,Best Actor,Mosen Tanabandeh,Iran Burger,0
2015,Crystal Simorgh Awards,Best Actor,Shahab Hosseini,Time to Love,0
2015,Crystal Simorgh Awards,Best Actor,Hossein Yari,Mazar-i-Sharif,0
2015,Crystal Simorgh Awards,Best Actor,Siamak Safari,Confessions of My Dangerous Mind,0
2016,Crystal Simorgh Awards,Best Actor,Parviz Parastui,Bodyguard,1
2016,Crystal Simorgh Awards,Best Actor,Farhad Aslani,Daughter,0
2016,Crystal Simorgh Awards,Best Actor,Reza Kianian,Where Are My Shoes?,0
2016,Crystal Simorgh Awards,Best Actor,Navid Mohammadzadeh,Sound and Fury,0
2016,Crystal Simorgh Awards,Best Actor,Payman Maadi,Life and a Day,0
2017,Crystal Simorgh Awards,Best Actor,Mohsen Tanabandeh,Ferrari,1
2017,Crystal Simorgh Awards,Best Actor,Amir Aghaei,"No Date, No Signature",0
2017,Crystal Simorgh Awards,Best Actor,Ali Mosaffa,Searing Summer,0
2017,Crystal Simorgh Awards,Best Actor,Hamid Farrokhnezhad,"The Good, the Bad, the Corny",0
2017,Crystal Simorgh Awards,Best Actor,Mehrdad Sedighian,Midday Adventures,0
2018,Crystal Simorgh Awards,Best Actor,Amir Jadidi,"The Lost Strait , Cold Sweat",1
2018,Crystal Simorgh Awards,Best Actor,Amin Hayai,Flaming,0
2018,Crystal Simorgh Awards,Best Actor,Babak Hamidian,Cypress Under Water,0
2018,Crystal Simorgh Awards,Best Actor,Raza Attaran,Confiscation,0
2018,Crystal Simorgh Awards,Best Actor,Navid Mohammadzadeh,Sheeple,0
2018,Crystal Simorgh Awards,Best Actor,Saeed Aghakhani,The Truck,0
2019,Crystal Simorgh Awards,Best Actor,Hootan Shakiba,When the Moon Was Full,1
2019,Crystal Simorgh Awards,Best Actor,Navid Mohammadzadeh,The Warden,0
2019,Crystal Simorgh Awards,Best Actor,Payman Maadi,Just 6.5,0
2019,Crystal Simorgh Awards,Best Actor,Hamed Behdad,Castle of Dreams,0
2019,Crystal Simorgh Awards,Best Actor,Amin Hayai,Darkhoongah,0
2020,Crystal Simorgh Awards,Best Actor,Payman Maadi,Walnut Tree,1
2020,Crystal Simorgh Awards,Best Actor,Mirsaeed Molavian,Tooman,0
2020,Crystal Simorgh Awards,Best Actor,Faramarz Gharibian,Exodus,0
2020,Crystal Simorgh Awards,Best Actor,Amir Jadidi,Day Zero,0
2020,Crystal Simorgh Awards,Best Actor,Ali Shadman,Drowning in Holy Water,0
2021,Crystal Simorgh Awards,Best Actor,Raza Attaran,Bright House,1
2021,Crystal Simorgh Awards,Best Actor,Parviz Parastui,Majority,0
2021,Crystal Simorgh Awards,Best Actor,Navid Pourfaraj,Zalava,0
2021,Crystal Simorgh Awards,Best Actor,Mohsen Tanabandeh,"Once Upon a Time, Abadan",0
2021,Crystal Simorgh Awards,Best Actor,Amir Norouzi,Mom,0
2021,Crystal Simorgh Awards,Best Actor,Milad Soveylavi,Yadoo,0
2022,Crystal Simorgh Awards,Best Actor,Amin Hayai,The Last Snow,1
2022,Crystal Simorgh Awards,Best Actor,Pejman Jamshidi,Grassland,0
2022,Crystal Simorgh Awards,Best Actor,Touraj Alvand,The Night Guardian,0
2022,Crystal Simorgh Awards,Best Actor,Mehdi Nosrati,Anti,0
2023,Crystal Simorgh Awards,Best Actor,Ali Nassirian,Seven Orange Blossoms,1
2023,Crystal Simorgh Awards,Best Actor,Majid Salehi,Number 10,1
2023,Crystal Simorgh Awards,Best Actor,Mirsaeed Molavian,The Orange Forest,0
2023,Crystal Simorgh Awards,Best Actor,Javad Ezzati,Leather Jacket Man,0
2023,Crystal Simorgh Awards,Best Actor,Vahid Rahbani,My Name Is Love,0
2023,Crystal Simorgh Awards,Best Actor,Mostafa Zamani,Fragrant,0
2023,Crystal Simorgh Awards,Best Actor,Touraj Alvand,Mud Room,0
2024,Crystal Simorgh Awards,Best Actor,Arastou Khoshrazm,The Morning of The Execution,1
2024,Crystal Simorgh Awards,Best Actor,Sajjad Babaee,Majnoon,0
2024,Crystal Simorgh Awards,Best Actor,Saeed Poursamimi,Parviz Khan,0
2024,Crystal Simorgh Awards,Best Actor,Shahram Haghighat Doost,The Heart of Raqqa,0
2024,Crystal Simorgh Awards,Best Actor,Ali Shadman,Summer Time,0
2024,Crystal Simorgh Awards,Best Actor,Javad Ezzati,Alligator Blood,0
1984,Crystal Simorgh Awards,Best Screenplay,Alireza Davoodnejad and Ebrahim Makki,Award,1
1986,Crystal Simorgh Awards,Best Screenplay,Majid Gharizadeh,The Grandfather,1
1987,Crystal Simorgh Awards,Best Screenplay,Masoud Jafari Jozani,The Stony Lion,1
1987,Crystal Simorgh Awards,Best Screenplay,Dariush Mehrjui,The Lodgers,0
1987,Crystal Simorgh Awards,Best Screenplay,Rasoul Mollagholipour,The Flight in the Night,0
1987,Crystal Simorgh Awards,Best Screenplay,Abbas Kiarostami,Where Is the Friend's Home?,0
1987,Crystal Simorgh Awards,Best Screenplay,Behrouz Afkhami,Manuscripts,0
1989,Crystal Simorgh Awards,Best Screenplay,Mohsen Makhmalbaf,The Cyclist,1
1989,Crystal Simorgh Awards,Best Screenplay,Amrollah Ahmadjoo,The Willow Branches,0
1989,Crystal Simorgh Awards,Best Screenplay,Masoud Jafari Jozani,Eye of the Hurricane,0
1989,Crystal Simorgh Awards,Best Screenplay,Ebrahim Hatamikia,The Scout,0
1989,Crystal Simorgh Awards,Best Screenplay,Hassan Hedayat,Grand Cinema,0
1989,Crystal Simorgh Awards,Best Screenplay,"Saeed Ebrahimifar  , Hossein Irie  and Aziz Tarseh",Pomegranate and Cane,0
1990,Crystal Simorgh Awards,Best Screenplay,Dariush Mehrjui,Hamoun,1
1990,Crystal Simorgh Awards,Best Screenplay,Ebrahim Hatamikia,The Immigrant,0
1990,Crystal Simorgh Awards,Best Screenplay,"Esmaeel Khalaj , Mihan Bahrami  and Mohammad Motevaselani",The Seeker,0
1990,Crystal Simorgh Awards,Best Screenplay,Abbas Kiarostami,Close-Up,0
1990,Crystal Simorgh Awards,Best Screenplay,Yadollah Samadi,Savalan,0
1991,Crystal Simorgh Awards,Best Screenplay,Yadollah Samadi,Apartment No.13,1
1991,Crystal Simorgh Awards,Best Screenplay,Varuzh Karim-Masihi,The Last Act,0
1991,Crystal Simorgh Awards,Best Screenplay,Mohsen Makhmalbaf,The Nights of Zayandeh-Rood,0
1991,Crystal Simorgh Awards,Best Screenplay,Behrouz Afkhami and Alireza Davoodnejad,The Bride,0
1991,Crystal Simorgh Awards,Best Screenplay,Shahriar Parsipour  and Hadi Seif,Portrait of Love,0
1992,Crystal Simorgh Awards,Best Screenplay,Asghar Abdollahi  and Hassan Gholizadeh,The Quiet Home,1
1992,Crystal Simorgh Awards,Best Screenplay,Majid Majidi and Seyyed Mahdi Shojaee,Baduk,0
1992,Crystal Simorgh Awards,Best Screenplay,Mehdi Fakhimzadeh,The Hustler,0
1992,Crystal Simorgh Awards,Best Screenplay,Rakhshan Bani-Etemad,Nargess,0
1992,Crystal Simorgh Awards,Best Screenplay,Aliakbar Ghazinezam,The Need,0
1993,Crystal Simorgh Awards,Best Screenplay,Dariush Mehrjui,Sara,1
1993,Crystal Simorgh Awards,Best Screenplay,Ebrahim Hatamikia,From Karkheh to Rhein,0
1993,Crystal Simorgh Awards,Best Screenplay,Nasser Tahmasb,Remember the Flight,0
1993,Crystal Simorgh Awards,Best Screenplay,Ahmad Amini,Shadows of Assault,0
1993,Crystal Simorgh Awards,Best Screenplay,Sirus Alvand,Once for Ever,0
1994,Crystal Simorgh Awards,Best Screenplay,Mohammad-Ali Talebi  and Houshang Moradi Kermani,Tic Tac,1
1994,Crystal Simorgh Awards,Best Screenplay,Behzad Behzadpour,The Last Reconnaissance,0
1994,Crystal Simorgh Awards,Best Screenplay,Aliakbar Ghazinezam,The Child Hero,0
1994,Crystal Simorgh Awards,Best Screenplay,Mohammad Bozorgnia,Tanker War,0
1994,Crystal Simorgh Awards,Best Screenplay,Mehdi Fakhimzadeh,The Spouse,0
1995,Crystal Simorgh Awards,Best Screenplay,Rakhshan Bani-Etemad,The Blue-Veiled,1
1995,Crystal Simorgh Awards,Best Screenplay,Ahmad-Reza Darvish,Kimia,0
1995,Crystal Simorgh Awards,Best Screenplay,Abbas Kiarostami,The White Balloon,0
1995,Crystal Simorgh Awards,Best Screenplay,Dariush Mehrjui,Pari,0
1995,Crystal Simorgh Awards,Best Screenplay,Mahmoud Dehghan and Reza Ghahremani,Path of Glory,0
1995,Crystal Simorgh Awards,Best Screenplay,Bahram Beyzai,The Fateful Day,0
1996,Crystal Simorgh Awards,Best Screenplay,Kamal Tabrizi and Reza Maghsoudi,Leily Is with Me,1
1996,Crystal Simorgh Awards,Best Screenplay,Majid Majidi and Seyyed Mahdi Shojaee,The Father,0
1996,Crystal Simorgh Awards,Best Screenplay,Abdolhassan Barzideh,The Derrick,0
1996,Crystal Simorgh Awards,Best Screenplay,Seifollah Dad,The Survivor,0
1997,Crystal Simorgh Awards,Best Screenplay,Majid Majidi,Children of Heaven,1
1997,Crystal Simorgh Awards,Best Screenplay,Dariush Mehrjui,Leila,0
1997,Crystal Simorgh Awards,Best Screenplay,Parviz Shahbazi,The Traveller from the South,0
1997,Crystal Simorgh Awards,Best Screenplay,Ali Zhekan,Shadow to Shadow,0
1998,Crystal Simorgh Awards,Best Screenplay,Ebrahim Hatamikia,The Glass Agency,1
1998,Crystal Simorgh Awards,Best Screenplay,Behrouz Afkhami,Takhti: The World Champion,0
1998,Crystal Simorgh Awards,Best Screenplay,Saeid Shapouri,Birth of A Butterfly,0
1998,Crystal Simorgh Awards,Best Screenplay,Farhad Mehranfar,The Tree of Life,0
1999,Crystal Simorgh Awards,Best Screenplay,Tahmineh Milani,Two Women,1
1999,Crystal Simorgh Awards,Best Screenplay,Hamid Jebeli,Son of Maryam,0
1999,Crystal Simorgh Awards,Best Screenplay,Alireza Davoodnejad,Sweet Agony,0
1999,Crystal Simorgh Awards,Best Screenplay,Rasoul Mollagholipour,Heeva,0
1999,Crystal Simorgh Awards,Best Screenplay,Ahmad-Reza Mo'tamedi,The Fair & the Ugly,0
2000,Crystal Simorgh Awards,Best Screenplay,Khosrow Sinai and Hamid Farrokhnezhad,The Bride of Fire,1
2000,Crystal Simorgh Awards,Best Screenplay,Bahman Farmanara,"Smell of Camphor, Scent of Jasmine",0
2000,Crystal Simorgh Awards,Best Screenplay,Masoud Jafari Jozani,Maturity,0
2000,Crystal Simorgh Awards,Best Screenplay,Mohammad Rezaei-Rad,The Child and the Soldier,0
2000,Crystal Simorgh Awards,Best Screenplay,Parviz Shahbazi,Whisper,0
2001,Crystal Simorgh Awards,Best Screenplay,Bahram Beyzai,Killing Mad Dogs,1
2001,Crystal Simorgh Awards,Best Screenplay,Majid Majidi,Baran,0
2002,Crystal Simorgh Awards,Best Screenplay,Kambuzia Partovi and Rasul Sadr-Ameli,"I'm Taraneh, 15",1
2002,Crystal Simorgh Awards,Best Screenplay,Dariush Mehrjui and Vahideh Mohammadifar,To Stay Alive,0
2002,Crystal Simorgh Awards,Best Screenplay,Hamid Jebeli,The White Dream,0
2002,Crystal Simorgh Awards,Best Screenplay,Bahman Farmanara,A House Built on Water,0
2002,Crystal Simorgh Awards,Best Screenplay,Nasser Taghvai and Minoo Farshchi,Unruled Paper,0
2002,Crystal Simorgh Awards,Best Screenplay,Rasoul Mollagholipour,The Poisonous Mushroom,0
2003,Crystal Simorgh Awards,Best Screenplay,Parviz Shahbazi,Deep Breath,1
2003,Crystal Simorgh Awards,Best Screenplay,Farhad Tohidi,Look at the Sky Sometimes,0
2003,Crystal Simorgh Awards,Best Screenplay,Fereydoun Jeyrani,Pink,0
2003,Crystal Simorgh Awards,Best Screenplay,Mojtaba Ra'i,Hard Times in Khomein,0
2003,Crystal Simorgh Awards,Best Screenplay,Reza Mirkarimi,"Here, A Shining Light",0
2004,Crystal Simorgh Awards,Best Screenplay,Peyman GhasemKhani,The Lizard,1
2004,Crystal Simorgh Awards,Best Screenplay,Mohammad Rezaei-Rad,Ghadamgah,0
2004,Crystal Simorgh Awards,Best Screenplay,Asghar Farhadi,The Beautiful City,0
2004,Crystal Simorgh Awards,Best Screenplay,Rahbar Ghanbari,Him,0
2004,Crystal Simorgh Awards,Best Screenplay,Khosrow Ma'sumi,Tradition of Lover Killing,0
2004,Crystal Simorgh Awards,Best Screenplay,"Dariush Mehrjui , Houshang Moradi Kermani and Vahideh Mohammadifar",Mum's Guest,0
2005,Crystal Simorgh Awards,Best Screenplay,Kambuzia Partovi,Café Transit,1
2005,Crystal Simorgh Awards,Best Screenplay,Mohammad Bozorgnia,A Place to Live,0
2005,Crystal Simorgh Awards,Best Screenplay,Parviz Sheikhtadi  and Hossein Yadegari,Behind the Curtain of Fog,0
2005,Crystal Simorgh Awards,Best Screenplay,Mozhgan Farah Avar Moghaddam,We Are All Fine,0
2005,Crystal Simorgh Awards,Best Screenplay,"Majid Majidi , Fouad Nahas and Nasser Hashemzadeh",The Willow Tree,0
2005,Crystal Simorgh Awards,Best Screenplay,Reza Mirkarimi and Mohammad-Reza Gohari,"So Close, So Far",0
2006,Crystal Simorgh Awards,Best Screenplay,Ebrahim Hatamikia,In the Name of the Father,0
2006,Crystal Simorgh Awards,Best Screenplay,Parviz Shahbazi,Gradually…,0
2006,Crystal Simorgh Awards,Best Screenplay,Asghar Farhadi and Mani Haghighi,Fireworks Wednesday,0
2006,Crystal Simorgh Awards,Best Screenplay,Fereidoun Hassanpour,When All Were Asleep,0
2006,Crystal Simorgh Awards,Best Screenplay,Farid Mostafavi,Friday Evening,0
2007,Crystal Simorgh Awards,Best Screenplay,"Rakhshan Bani-Etemad , Farid Mostafavi , Mohsen Abdolvahab  and Naghmeh Samini",Mainline,1
2007,Crystal Simorgh Awards,Best Screenplay,Mehdi Sajjadehchi,The Third Day,0
2008,Crystal Simorgh Awards,Best Screenplay,Shadmehr Rastin  and Reza Mirkarimi,As Simple as That,1
2008,Crystal Simorgh Awards,Best Screenplay,Alireza Amini  and Mohsen Tanabandeh,A Petition for Allah,0
2008,Crystal Simorgh Awards,Best Screenplay,Gholamreza Ramezani,Standing Alone,0
2008,Crystal Simorgh Awards,Best Screenplay,Majid Majidi and Mehran Kashani,The Song of Sparrows,0
2008,Crystal Simorgh Awards,Best Screenplay,Khosrow Ma'sumi,Wind Blows in the Meadow,0
2009,Crystal Simorgh Awards,Best Screenplay,Abolhassan Davoudi  and Farid Mostafavi,Motherland,1
2009,Crystal Simorgh Awards,Best Screenplay,Asghar Farhadi,About Elly,0
2009,Crystal Simorgh Awards,Best Screenplay,Varuzh Karim-Masihi,Doubt,0
2009,Crystal Simorgh Awards,Best Screenplay,Tahmineh Milani,Superstar,0
2009,Crystal Simorgh Awards,Best Screenplay,Parviz Shahbazi,Karat 14,0
2010,Crystal Simorgh Awards,Best Screenplay,Homayoun Shahnavaz  and Shahram Assadi,The Fateful Night,1
2010,Crystal Simorgh Awards,Best Screenplay,Ebrahim Hatamikia,In Amethyst Color,0
2010,Crystal Simorgh Awards,Best Screenplay,Mostafa Rastegari,Forty Years Old,0
2010,Crystal Simorgh Awards,Best Screenplay,Hamed Mohammadi,Gold and Copper,0
2010,Crystal Simorgh Awards,Best Screenplay,Ahmad Kaveri,The Insider,0
2011,Crystal Simorgh Awards,Best Screenplay,Asghar Farhadi,A Separation,1
2011,Crystal Simorgh Awards,Best Screenplay,Dariush Mehrjui and Vahideh Mohammadifar,Beloved Sky,0
2011,Crystal Simorgh Awards,Best Screenplay,Ahmad-Reza Mo'tamedi,Alzheimer,0
2011,Crystal Simorgh Awards,Best Screenplay,Masoud Kimiai,Crime,0
2011,Crystal Simorgh Awards,Best Screenplay,Negar Azarbaijani  and Fereshteh Taerpour,Facing Mirrors,0
2011,Crystal Simorgh Awards,Best Screenplay,Ali Rafi'i,Mr. Yousef,0
2011,Crystal Simorgh Awards,Best Screenplay,Alireza Talebzadeh,Dragonfly's Pond,0
2012,Crystal Simorgh Awards,Best Screenplay,Mostafa Kiayee,Bulletproof,1
2012,Crystal Simorgh Awards,Best Screenplay,Homayoun Ass'adian,Kissing the Moon-Like Face,0
2012,Crystal Simorgh Awards,Best Screenplay,Parviz Sheikhtadi,Days of Life,0
2012,Crystal Simorgh Awards,Best Screenplay,Mohammad-Reza Gohari  and Mohammad-Ali Bashe-Ahangar,The Queen,0
2012,Crystal Simorgh Awards,Best Screenplay,Vahideh Mohammadifar and Dariush Mehrjui,Orange Suit,0
2013,Crystal Simorgh Awards,Best Screenplay,Behnam Behzadi,Bending the Rules,1
2013,Crystal Simorgh Awards,Best Screenplay,Parviz Shahbazi,Trapped,0
2013,Crystal Simorgh Awards,Best Screenplay,Ali Asghari,The Corridor,0
2013,Crystal Simorgh Awards,Best Screenplay,Sam Gharibian,Sinners,0
2013,Crystal Simorgh Awards,Best Screenplay,Alireza Talebzadeh,Give Back,0
2014,Crystal Simorgh Awards,Best Screenplay,Behrouz Afkhami,"Azar, Shahdokht, Parviz and Others",1
2014,Crystal Simorgh Awards,Best Screenplay,Saman Salur,Raspberry,0
2014,Crystal Simorgh Awards,Best Screenplay,Peyman GhasemKhani,Sensitive Floor,0
2014,Crystal Simorgh Awards,Best Screenplay,Mostafa Kiayee,Special Line,0
2014,Crystal Simorgh Awards,Best Screenplay,Hossein Mahkam,Snow,0
2015,Crystal Simorgh Awards,Best Screenplay,Roya Mohaghegh,Time to Love,1
2015,Crystal Simorgh Awards,Best Screenplay,Asghar Abdollahi,The Long Farewell,0
2015,Crystal Simorgh Awards,Best Screenplay,Mohammad-Reza Gohari,Crazy Rook,0
2015,Crystal Simorgh Awards,Best Screenplay,Bahram Tavakoli,I Am Diego Maradona,0
2016,Crystal Simorgh Awards,Best Screenplay,Saeed Roustayi,Life and A Day,1
2016,Crystal Simorgh Awards,Best Screenplay,Farhad Tohidi  and Morteza Esfahani,Mina's Choice,0
2016,Crystal Simorgh Awards,Best Screenplay,Amir Arabi,When Did You See Sahar Last Time?,0
2016,Crystal Simorgh Awards,Best Screenplay,Mehran Kashani,Daughter,0
2016,Crystal Simorgh Awards,Best Screenplay,Mohammad-Hossein Mahdavian,Standing in the Dust,0
2017,Crystal Simorgh Awards,Best Screenplay,Kambuzia Partovi,Ferrari,1
2017,Crystal Simorgh Awards,Best Screenplay,Arsalan Amiri  and Monir Gheydi,Villa Dwellers,0
2017,Crystal Simorgh Awards,Best Screenplay,Saeed Roustayi,Blockage,0
2017,Crystal Simorgh Awards,Best Screenplay,Vahid Jalilvand and Ali Zarnegar,"No Date, No Signature",0
2017,Crystal Simorgh Awards,Best Screenplay,Payam Karami,Searing Summer,0
2018,Crystal Simorgh Awards,Best Screenplay,Kambuzia Partovi,Truck,1
2018,Crystal Simorgh Awards,Best Screenplay,Houman Seyyedi,Sheeple,1
2018,Crystal Simorgh Awards,Best Screenplay,Payman Maadi,Bomb: A Love Story,0
2018,Crystal Simorgh Awards,Best Screenplay,Mohammad-Ali Bashe-Ahangar and Hamed Bashe-Ahangar,Under Water Cypress,0
2018,Crystal Simorgh Awards,Best Screenplay,Hadi Moghadamdoost and Hamid Nematollah,Flaming,0
2019,Crystal Simorgh Awards,Best Screenplay,Mohsen Gharaie  and Mohammad Davoudi,Castle of Dreams,1
2019,Crystal Simorgh Awards,Best Screenplay,Mohsen Tanabandeh,Swear,0
2019,Crystal Simorgh Awards,Best Screenplay,Nima Javidi,The Warden,0
2019,Crystal Simorgh Awards,Best Screenplay,Parviz Shahbazi,Talla,0
2019,Crystal Simorgh Awards,Best Screenplay,Narges Abyar and Morteza Esfahani,When the Moon Was Full,0
2020,Crystal Simorgh Awards,Best Screenplay,Majid Majidi and Nima Javidi,The Sun,1
2020,Crystal Simorgh Awards,Best Screenplay,Saeid Malekan and Bahram Tavakoli,Day Zero,0
2020,Crystal Simorgh Awards,Best Screenplay,"Mohammad Kart , Hossein Doumari and Pedram Pour-Amiri",Butterfly Stroke,0
2020,Crystal Simorgh Awards,Best Screenplay,"Behtash Sanaeeha , Maryam Moqadam and Mehrdad Kouroshnia",The Ballad of A White Cow,0
2020,Crystal Simorgh Awards,Best Screenplay,Ali Zarnegar,Bone Marrow,0
2020,Crystal Simorgh Awards,Best Screenplay,Behnam Behzadi and Sahar Sakhaei,I'm Scared,0
2021,Crystal Simorgh Awards,Best Screenplay,"Arsalan Amiri, Ida Panahandeh, Tahmineh Bahram",Zalava,1
2021,Crystal Simorgh Awards,Best Screenplay,"Arsalan Amiri, Ida Panahandeh",TiTi,0
2021,Crystal Simorgh Awards,Best Screenplay,Arash Anisi,Mom,0
2022,Crystal Simorgh Awards,Best Screenplay,Kazem Daneshi,Grassland,1
2022,Crystal Simorgh Awards,Best Screenplay,"Ebrahim Amini, Hadi Hejazifar",The Situation of Mehdi,0
2022,Crystal Simorgh Awards,Best Screenplay,"Amir Hossein Asgari, Amir Mohammad Abdi, Seyyed Hassan Hosseini",The Last Snow,0
2022,Crystal Simorgh Awards,Best Screenplay,"Reza Mirkarimi , Mohammad Davoudi – The Night Guardian",The Night Guardian,0
2022,Crystal Simorgh Awards,Best Screenplay,"Farhad Tohidi, Mehdi Torab Beigi",No Prior Appointment,0
2023,Crystal Simorgh Awards,Best Screenplay,Babak Khajeh Pasha,In the Arms of the Tree,1
2023,Crystal Simorgh Awards,Best Screenplay,Ali Ramezan,Smart Kid,0
2023,Crystal Simorgh Awards,Best Screenplay,Hamid Zargarnejad,Number Ten,0
2023,Crystal Simorgh Awards,Best Screenplay,Masoud Hasheminejad,The Leather Jacket Man,0
2023,Crystal Simorgh Awards,Best Screenplay,"Mohammad Ali Bashe Ahangar , Hamed Bashe Ahangar",Metropol Cinema,0
2023,Crystal Simorgh Awards,Best Screenplay,"Pedram Pour-Amiri , Hossein Doumari",My Name is Love,0
2024,Crystal Simorgh Awards,Best Screenplay,Ali Saghafi,Parviz Khan,0
2024,Crystal Simorgh Awards,Best Screenplay,Behrouz Afkhami,The Morning of The Execution,0
2024,Crystal Simorgh Awards,Best Screenplay,Mahmoud Kalari,Summer Time,0
